"ID",Primary Keyword,Cluster,Intent,Recipient,Occasion,Budget,Culture,Page Type,Priority,Validation,URL Decision,Notes
KW-001,ideas de regalos para mamá,Mamá,commercial investigation,mamá,,,,guide,P1,UNVALIDATED,TBD in Step 2,Seed keyword; validate demand/SERP before creating a URL.
KW-002,qué regalar a regalos para mamá,Mamá,commercial investigation,mamá,,,,guide,P1,UNVALIDATED,TBD in Step 2,Seed keyword; validate demand/SERP before creating a URL.
KW-003,mejores regalos para mamá,Mamá,commercial investigation,mamá,,,,guide,P1,UNVALIDATED,TBD in Step 2,Seed keyword; validate demand/SERP before creating a URL.
KW-004,regalos originales para mamá,Mamá,commercial investigation,mamá,,,,guide,P1,UNVALIDATED,TBD in Step 2,Seed keyword; validate demand/SERP before creating a URL.
KW-005,regalos personalizados para mamá,Mamá,commercial investigation,mamá,,,,guide,P1,UNVALIDATED,TBD in Step 2,Seed keyword; validate demand/SERP before creating a URL.
KW-006,regalos sentimentales para mamá,Mamá,commercial investigation,mamá,,,,guide,P1,UNVALIDATED,TBD in Step 2,Seed keyword; validate demand/SERP before creating a URL.
KW-007,regalos útiles para mamá,Mamá,commercial investigation,mamá,,,,guide,P1,UNVALIDATED,TBD in Step 2,Seed keyword; validate demand/SERP before creating a URL.
KW-008,regalos baratos para mamá,Mamá,commercial investigation,mamá,,,,guide,P1,UNVALIDATED,TBD in Step 2,Seed keyword; validate demand/SERP before creating a URL.
KW-009,regalos especiales para mamá,Mamá,commercial investigation,mamá,,,,guide,P1,UNVALIDATED,TBD in Step 2,Seed keyword; validate demand/SERP before creating a URL.
KW-010,regalos únicos para mamá,Mamá,commercial investigation,mamá,,,,guide,P1,UNVALIDATED,TBD in Step 2,Seed keyword; validate demand/SERP before creating a URL.
KW-011,regalos bonitos para mamá,Mamá,commercial investigation,mamá,,,,guide,P1,UNVALIDATED,TBD in Step 2,Seed keyword; validate demand/SERP before creating a URL.
KW-012,regalos divertidos para mamá,Mamá,commercial investigation,mamá,,,,guide,P1,UNVALIDATED,TBD in Step 2,Seed keyword; validate demand/SERP before creating a URL.
KW-013,regalos prácticos para mamá,Mamá,commercial investigation,mamá,,,,guide,P1,UNVALIDATED,TBD in Step 2,Seed keyword; validate demand/SERP before creating a URL.
KW-014,regalos creativos para mamá,Mamá,commercial investigation,mamá,,,,guide,P1,UNVALIDATED,TBD in Step 2,Seed keyword; validate demand/SERP before creating a URL.
KW-015,regalos inolvidables para mamá,Mamá,commercial investigation,mamá,,,,guide,P1,UNVALIDATED,TBD in Step 2,Seed keyword; validate demand/SERP before creating a URL.
KW-016,regalos para mamá que lo tiene todo,Mamá,commercial investigation,mamá,,,,guide,P1,UNVALIDATED,TBD in Step 2,Seed keyword; validate demand/SERP before creating a URL.
KW-017,regalos para mamá que no quiere nada,Mamá,commercial investigation,mamá,,,,guide,P1,UNVALIDATED,TBD in Step 2,Seed keyword; validate demand/SERP before creating a URL.
KW-018,regalos de última hora para mamá,Mamá,commercial investigation,mamá,,,,guide,P1,UNVALIDATED,TBD in Step 2,Seed keyword; validate demand/SERP before creating a URL.
KW-019,regalos para mamá hechos a mano,Mamá,commercial investigation,mamá,,,,guide,P1,UNVALIDATED,TBD in Step 2,Seed keyword; validate demand/SERP before creating a URL.
KW-020,regalos para mamá de parte de su hijo,Mamá,commercial investigation,mamá,,,,guide,P1,UNVALIDATED,TBD in Step 2,Seed keyword; validate demand/SERP before creating a URL.
KW-021,ideas de regalos para papá,Papá,commercial investigation,papá,,,,guide,P1,UNVALIDATED,TBD in Step 2,Seed keyword; validate demand/SERP before creating a URL.
KW-022,qué regalar a regalos para papá,Papá,commercial investigation,papá,,,,guide,P1,UNVALIDATED,TBD in Step 2,Seed keyword; validate demand/SERP before creating a URL.
KW-023,mejores regalos para papá,Papá,commercial investigation,papá,,,,guide,P1,UNVALIDATED,TBD in Step 2,Seed keyword; validate demand/SERP before creating a URL.
KW-024,regalos originales para papá,Papá,commercial investigation,papá,,,,guide,P1,UNVALIDATED,TBD in Step 2,Seed keyword; validate demand/SERP before creating a URL.
KW-025,regalos personalizados para papá,Papá,commercial investigation,papá,,,,guide,P1,UNVALIDATED,TBD in Step 2,Seed keyword; validate demand/SERP before creating a URL.
KW-026,regalos sentimentales para papá,Papá,commercial investigation,papá,,,,guide,P1,UNVALIDATED,TBD in Step 2,Seed keyword; validate demand/SERP before creating a URL.
KW-027,regalos útiles para papá,Papá,commercial investigation,papá,,,,guide,P1,UNVALIDATED,TBD in Step 2,Seed keyword; validate demand/SERP before creating a URL.
KW-028,regalos baratos para papá,Papá,commercial investigation,papá,,,,guide,P1,UNVALIDATED,TBD in Step 2,Seed keyword; validate demand/SERP before creating a URL.
KW-029,regalos especiales para papá,Papá,commercial investigation,papá,,,,guide,P1,UNVALIDATED,TBD in Step 2,Seed keyword; validate demand/SERP before creating a URL.
KW-030,regalos únicos para papá,Papá,commercial investigation,papá,,,,guide,P1,UNVALIDATED,TBD in Step 2,Seed keyword; validate demand/SERP before creating a URL.
KW-031,regalos bonitos para papá,Papá,commercial investigation,papá,,,,guide,P1,UNVALIDATED,TBD in Step 2,Seed keyword; validate demand/SERP before creating a URL.
KW-032,regalos divertidos para papá,Papá,commercial investigation,papá,,,,guide,P1,UNVALIDATED,TBD in Step 2,Seed keyword; validate demand/SERP before creating a URL.
KW-033,regalos prácticos para papá,Papá,commercial investigation,papá,,,,guide,P1,UNVALIDATED,TBD in Step 2,Seed keyword; validate demand/SERP before creating a URL.
KW-034,regalos creativos para papá,Papá,commercial investigation,papá,,,,guide,P1,UNVALIDATED,TBD in Step 2,Seed keyword; validate demand/SERP before creating a URL.
KW-035,regalos inolvidables para papá,Papá,commercial investigation,papá,,,,guide,P1,UNVALIDATED,TBD in Step 2,Seed keyword; validate demand/SERP before creating a URL.
KW-036,regalos para papá que lo tiene todo,Papá,commercial investigation,papá,,,,guide,P1,UNVALIDATED,TBD in Step 2,Seed keyword; validate demand/SERP before creating a URL.
KW-037,regalos para papá que no quiere nada,Papá,commercial investigation,papá,,,,guide,P1,UNVALIDATED,TBD in Step 2,Seed keyword; validate demand/SERP before creating a URL.
KW-038,regalos de última hora para papá,Papá,commercial investigation,papá,,,,guide,P1,UNVALIDATED,TBD in Step 2,Seed keyword; validate demand/SERP before creating a URL.
KW-039,regalos para papá hechos a mano,Papá,commercial investigation,papá,,,,guide,P1,UNVALIDATED,TBD in Step 2,Seed keyword; validate demand/SERP before creating a URL.
KW-040,regalos para papá de parte de su hijo,Papá,commercial investigation,papá,,,,guide,P1,UNVALIDATED,TBD in Step 2,Seed keyword; validate demand/SERP before creating a URL.
KW-041,ideas de regalos para novia,Novia,commercial investigation,novia,,,,guide,P1,UNVALIDATED,TBD in Step 2,Seed keyword; validate demand/SERP before creating a URL.
KW-042,qué regalar a regalos para novia,Novia,commercial investigation,novia,,,,guide,P1,UNVALIDATED,TBD in Step 2,Seed keyword; validate demand/SERP before creating a URL.
KW-043,mejores regalos para novia,Novia,commercial investigation,novia,,,,guide,P1,UNVALIDATED,TBD in Step 2,Seed keyword; validate demand/SERP before creating a URL.
KW-044,regalos originales para novia,Novia,commercial investigation,novia,,,,guide,P1,UNVALIDATED,TBD in Step 2,Seed keyword; validate demand/SERP before creating a URL.
KW-045,regalos personalizados para novia,Novia,commercial investigation,novia,,,,guide,P1,UNVALIDATED,TBD in Step 2,Seed keyword; validate demand/SERP before creating a URL.
KW-046,regalos sentimentales para novia,Novia,commercial investigation,novia,,,,guide,P1,UNVALIDATED,TBD in Step 2,Seed keyword; validate demand/SERP before creating a URL.
KW-047,regalos útiles para novia,Novia,commercial investigation,novia,,,,guide,P1,UNVALIDATED,TBD in Step 2,Seed keyword; validate demand/SERP before creating a URL.
KW-048,regalos baratos para novia,Novia,commercial investigation,novia,,,,guide,P1,UNVALIDATED,TBD in Step 2,Seed keyword; validate demand/SERP before creating a URL.
KW-049,regalos especiales para novia,Novia,commercial investigation,novia,,,,guide,P1,UNVALIDATED,TBD in Step 2,Seed keyword; validate demand/SERP before creating a URL.
KW-050,regalos únicos para novia,Novia,commercial investigation,novia,,,,guide,P1,UNVALIDATED,TBD in Step 2,Seed keyword; validate demand/SERP before creating a URL.
KW-051,regalos bonitos para novia,Novia,commercial investigation,novia,,,,guide,P1,UNVALIDATED,TBD in Step 2,Seed keyword; validate demand/SERP before creating a URL.
KW-052,regalos divertidos para novia,Novia,commercial investigation,novia,,,,guide,P1,UNVALIDATED,TBD in Step 2,Seed keyword; validate demand/SERP before creating a URL.
KW-053,regalos prácticos para novia,Novia,commercial investigation,novia,,,,guide,P1,UNVALIDATED,TBD in Step 2,Seed keyword; validate demand/SERP before creating a URL.
KW-054,regalos creativos para novia,Novia,commercial investigation,novia,,,,guide,P1,UNVALIDATED,TBD in Step 2,Seed keyword; validate demand/SERP before creating a URL.
KW-055,regalos inolvidables para novia,Novia,commercial investigation,novia,,,,guide,P1,UNVALIDATED,TBD in Step 2,Seed keyword; validate demand/SERP before creating a URL.
KW-056,regalos para novia que lo tiene todo,Novia,commercial investigation,novia,,,,guide,P1,UNVALIDATED,TBD in Step 2,Seed keyword; validate demand/SERP before creating a URL.
KW-057,regalos para novia que no quiere nada,Novia,commercial investigation,novia,,,,guide,P1,UNVALIDATED,TBD in Step 2,Seed keyword; validate demand/SERP before creating a URL.
KW-058,regalos de última hora para novia,Novia,commercial investigation,novia,,,,guide,P1,UNVALIDATED,TBD in Step 2,Seed keyword; validate demand/SERP before creating a URL.
KW-059,regalos para novia hechos a mano,Novia,commercial investigation,novia,,,,guide,P1,UNVALIDATED,TBD in Step 2,Seed keyword; validate demand/SERP before creating a URL.
KW-060,regalos para novia de parte de su hijo,Novia,commercial investigation,novia,,,,guide,P1,UNVALIDATED,TBD in Step 2,Seed keyword; validate demand/SERP before creating a URL.
KW-061,ideas de regalos para novio,Novio,commercial investigation,novio,,,,guide,P1,UNVALIDATED,TBD in Step 2,Seed keyword; validate demand/SERP before creating a URL.
KW-062,qué regalar a regalos para novio,Novio,commercial investigation,novio,,,,guide,P1,UNVALIDATED,TBD in Step 2,Seed keyword; validate demand/SERP before creating a URL.
KW-063,mejores regalos para novio,Novio,commercial investigation,novio,,,,guide,P1,UNVALIDATED,TBD in Step 2,Seed keyword; validate demand/SERP before creating a URL.
KW-064,regalos originales para novio,Novio,commercial investigation,novio,,,,guide,P1,UNVALIDATED,TBD in Step 2,Seed keyword; validate demand/SERP before creating a URL.
KW-065,regalos personalizados para novio,Novio,commercial investigation,novio,,,,guide,P1,UNVALIDATED,TBD in Step 2,Seed keyword; validate demand/SERP before creating a URL.
KW-066,regalos sentimentales para novio,Novio,commercial investigation,novio,,,,guide,P1,UNVALIDATED,TBD in Step 2,Seed keyword; validate demand/SERP before creating a URL.
KW-067,regalos útiles para novio,Novio,commercial investigation,novio,,,,guide,P1,UNVALIDATED,TBD in Step 2,Seed keyword; validate demand/SERP before creating a URL.
KW-068,regalos baratos para novio,Novio,commercial investigation,novio,,,,guide,P1,UNVALIDATED,TBD in Step 2,Seed keyword; validate demand/SERP before creating a URL.
KW-069,regalos especiales para novio,Novio,commercial investigation,novio,,,,guide,P1,UNVALIDATED,TBD in Step 2,Seed keyword; validate demand/SERP before creating a URL.
KW-070,regalos únicos para novio,Novio,commercial investigation,novio,,,,guide,P1,UNVALIDATED,TBD in Step 2,Seed keyword; validate demand/SERP before creating a URL.
KW-071,regalos bonitos para novio,Novio,commercial investigation,novio,,,,guide,P1,UNVALIDATED,TBD in Step 2,Seed keyword; validate demand/SERP before creating a URL.
KW-072,regalos divertidos para novio,Novio,commercial investigation,novio,,,,guide,P1,UNVALIDATED,TBD in Step 2,Seed keyword; validate demand/SERP before creating a URL.
KW-073,regalos prácticos para novio,Novio,commercial investigation,novio,,,,guide,P1,UNVALIDATED,TBD in Step 2,Seed keyword; validate demand/SERP before creating a URL.
KW-074,regalos creativos para novio,Novio,commercial investigation,novio,,,,guide,P1,UNVALIDATED,TBD in Step 2,Seed keyword; validate demand/SERP before creating a URL.
KW-075,regalos inolvidables para novio,Novio,commercial investigation,novio,,,,guide,P1,UNVALIDATED,TBD in Step 2,Seed keyword; validate demand/SERP before creating a URL.
KW-076,regalos para novio que lo tiene todo,Novio,commercial investigation,novio,,,,guide,P1,UNVALIDATED,TBD in Step 2,Seed keyword; validate demand/SERP before creating a URL.
KW-077,regalos para novio que no quiere nada,Novio,commercial investigation,novio,,,,guide,P1,UNVALIDATED,TBD in Step 2,Seed keyword; validate demand/SERP before creating a URL.
KW-078,regalos de última hora para novio,Novio,commercial investigation,novio,,,,guide,P1,UNVALIDATED,TBD in Step 2,Seed keyword; validate demand/SERP before creating a URL.
KW-079,regalos para novio hechos a mano,Novio,commercial investigation,novio,,,,guide,P1,UNVALIDATED,TBD in Step 2,Seed keyword; validate demand/SERP before creating a URL.
KW-080,regalos para novio de parte de su hijo,Novio,commercial investigation,novio,,,,guide,P1,UNVALIDATED,TBD in Step 2,Seed keyword; validate demand/SERP before creating a URL.
KW-081,ideas de regalos para esposa,Esposa,commercial investigation,esposa,,,,guide,P1,UNVALIDATED,TBD in Step 2,Seed keyword; validate demand/SERP before creating a URL.
KW-082,qué regalar a regalos para esposa,Esposa,commercial investigation,esposa,,,,guide,P1,UNVALIDATED,TBD in Step 2,Seed keyword; validate demand/SERP before creating a URL.
KW-083,mejores regalos para esposa,Esposa,commercial investigation,esposa,,,,guide,P1,UNVALIDATED,TBD in Step 2,Seed keyword; validate demand/SERP before creating a URL.
KW-084,regalos originales para esposa,Esposa,commercial investigation,esposa,,,,guide,P1,UNVALIDATED,TBD in Step 2,Seed keyword; validate demand/SERP before creating a URL.
KW-085,regalos personalizados para esposa,Esposa,commercial investigation,esposa,,,,guide,P1,UNVALIDATED,TBD in Step 2,Seed keyword; validate demand/SERP before creating a URL.
KW-086,regalos sentimentales para esposa,Esposa,commercial investigation,esposa,,,,guide,P1,UNVALIDATED,TBD in Step 2,Seed keyword; validate demand/SERP before creating a URL.
KW-087,regalos útiles para esposa,Esposa,commercial investigation,esposa,,,,guide,P1,UNVALIDATED,TBD in Step 2,Seed keyword; validate demand/SERP before creating a URL.
KW-088,regalos baratos para esposa,Esposa,commercial investigation,esposa,,,,guide,P1,UNVALIDATED,TBD in Step 2,Seed keyword; validate demand/SERP before creating a URL.
KW-089,regalos especiales para esposa,Esposa,commercial investigation,esposa,,,,guide,P1,UNVALIDATED,TBD in Step 2,Seed keyword; validate demand/SERP before creating a URL.
KW-090,regalos únicos para esposa,Esposa,commercial investigation,esposa,,,,guide,P1,UNVALIDATED,TBD in Step 2,Seed keyword; validate demand/SERP before creating a URL.
KW-091,regalos bonitos para esposa,Esposa,commercial investigation,esposa,,,,guide,P1,UNVALIDATED,TBD in Step 2,Seed keyword; validate demand/SERP before creating a URL.
KW-092,regalos divertidos para esposa,Esposa,commercial investigation,esposa,,,,guide,P1,UNVALIDATED,TBD in Step 2,Seed keyword; validate demand/SERP before creating a URL.
KW-093,regalos prácticos para esposa,Esposa,commercial investigation,esposa,,,,guide,P1,UNVALIDATED,TBD in Step 2,Seed keyword; validate demand/SERP before creating a URL.
KW-094,regalos creativos para esposa,Esposa,commercial investigation,esposa,,,,guide,P1,UNVALIDATED,TBD in Step 2,Seed keyword; validate demand/SERP before creating a URL.
KW-095,regalos inolvidables para esposa,Esposa,commercial investigation,esposa,,,,guide,P1,UNVALIDATED,TBD in Step 2,Seed keyword; validate demand/SERP before creating a URL.
KW-096,regalos para esposa que lo tiene todo,Esposa,commercial investigation,esposa,,,,guide,P1,UNVALIDATED,TBD in Step 2,Seed keyword; validate demand/SERP before creating a URL.
KW-097,regalos para esposa que no quiere nada,Esposa,commercial investigation,esposa,,,,guide,P1,UNVALIDATED,TBD in Step 2,Seed keyword; validate demand/SERP before creating a URL.
KW-098,regalos de última hora para esposa,Esposa,commercial investigation,esposa,,,,guide,P1,UNVALIDATED,TBD in Step 2,Seed keyword; validate demand/SERP before creating a URL.
KW-099,regalos para esposa hechos a mano,Esposa,commercial investigation,esposa,,,,guide,P1,UNVALIDATED,TBD in Step 2,Seed keyword; validate demand/SERP before creating a URL.
KW-100,regalos para esposa de parte de su hijo,Esposa,commercial investigation,esposa,,,,guide,P1,UNVALIDATED,TBD in Step 2,Seed keyword; validate demand/SERP before creating a URL.
KW-101,ideas de regalos para esposo,Esposo,commercial investigation,esposo,,,,guide,P1,UNVALIDATED,TBD in Step 2,Seed keyword; validate demand/SERP before creating a URL.
KW-102,qué regalar a regalos para esposo,Esposo,commercial investigation,esposo,,,,guide,P1,UNVALIDATED,TBD in Step 2,Seed keyword; validate demand/SERP before creating a URL.
KW-103,mejores regalos para esposo,Esposo,commercial investigation,esposo,,,,guide,P1,UNVALIDATED,TBD in Step 2,Seed keyword; validate demand/SERP before creating a URL.
KW-104,regalos originales para esposo,Esposo,commercial investigation,esposo,,,,guide,P1,UNVALIDATED,TBD in Step 2,Seed keyword; validate demand/SERP before creating a URL.
KW-105,regalos personalizados para esposo,Esposo,commercial investigation,esposo,,,,guide,P1,UNVALIDATED,TBD in Step 2,Seed keyword; validate demand/SERP before creating a URL.
KW-106,regalos sentimentales para esposo,Esposo,commercial investigation,esposo,,,,guide,P1,UNVALIDATED,TBD in Step 2,Seed keyword; validate demand/SERP before creating a URL.
KW-107,regalos útiles para esposo,Esposo,commercial investigation,esposo,,,,guide,P1,UNVALIDATED,TBD in Step 2,Seed keyword; validate demand/SERP before creating a URL.
KW-108,regalos baratos para esposo,Esposo,commercial investigation,esposo,,,,guide,P1,UNVALIDATED,TBD in Step 2,Seed keyword; validate demand/SERP before creating a URL.
KW-109,regalos especiales para esposo,Esposo,commercial investigation,esposo,,,,guide,P1,UNVALIDATED,TBD in Step 2,Seed keyword; validate demand/SERP before creating a URL.
KW-110,regalos únicos para esposo,Esposo,commercial investigation,esposo,,,,guide,P1,UNVALIDATED,TBD in Step 2,Seed keyword; validate demand/SERP before creating a URL.
KW-111,regalos bonitos para esposo,Esposo,commercial investigation,esposo,,,,guide,P1,UNVALIDATED,TBD in Step 2,Seed keyword; validate demand/SERP before creating a URL.
KW-112,regalos divertidos para esposo,Esposo,commercial investigation,esposo,,,,guide,P1,UNVALIDATED,TBD in Step 2,Seed keyword; validate demand/SERP before creating a URL.
KW-113,regalos prácticos para esposo,Esposo,commercial investigation,esposo,,,,guide,P1,UNVALIDATED,TBD in Step 2,Seed keyword; validate demand/SERP before creating a URL.
KW-114,regalos creativos para esposo,Esposo,commercial investigation,esposo,,,,guide,P1,UNVALIDATED,TBD in Step 2,Seed keyword; validate demand/SERP before creating a URL.
KW-115,regalos inolvidables para esposo,Esposo,commercial investigation,esposo,,,,guide,P1,UNVALIDATED,TBD in Step 2,Seed keyword; validate demand/SERP before creating a URL.
KW-116,regalos para esposo que lo tiene todo,Esposo,commercial investigation,esposo,,,,guide,P1,UNVALIDATED,TBD in Step 2,Seed keyword; validate demand/SERP before creating a URL.
KW-117,regalos para esposo que no quiere nada,Esposo,commercial investigation,esposo,,,,guide,P1,UNVALIDATED,TBD in Step 2,Seed keyword; validate demand/SERP before creating a URL.
KW-118,regalos de última hora para esposo,Esposo,commercial investigation,esposo,,,,guide,P1,UNVALIDATED,TBD in Step 2,Seed keyword; validate demand/SERP before creating a URL.
KW-119,regalos para esposo hechos a mano,Esposo,commercial investigation,esposo,,,,guide,P1,UNVALIDATED,TBD in Step 2,Seed keyword; validate demand/SERP before creating a URL.
KW-120,regalos para esposo de parte de su hijo,Esposo,commercial investigation,esposo,,,,guide,P1,UNVALIDATED,TBD in Step 2,Seed keyword; validate demand/SERP before creating a URL.
KW-121,ideas de regalos para abuela,Abuela,commercial investigation,abuela,,,,guide,P1,UNVALIDATED,TBD in Step 2,Seed keyword; validate demand/SERP before creating a URL.
KW-122,qué regalar a regalos para abuela,Abuela,commercial investigation,abuela,,,,guide,P1,UNVALIDATED,TBD in Step 2,Seed keyword; validate demand/SERP before creating a URL.
KW-123,mejores regalos para abuela,Abuela,commercial investigation,abuela,,,,guide,P1,UNVALIDATED,TBD in Step 2,Seed keyword; validate demand/SERP before creating a URL.
KW-124,regalos originales para abuela,Abuela,commercial investigation,abuela,,,,guide,P1,UNVALIDATED,TBD in Step 2,Seed keyword; validate demand/SERP before creating a URL.
KW-125,regalos personalizados para abuela,Abuela,commercial investigation,abuela,,,,guide,P1,UNVALIDATED,TBD in Step 2,Seed keyword; validate demand/SERP before creating a URL.
KW-126,regalos sentimentales para abuela,Abuela,commercial investigation,abuela,,,,guide,P1,UNVALIDATED,TBD in Step 2,Seed keyword; validate demand/SERP before creating a URL.
KW-127,regalos útiles para abuela,Abuela,commercial investigation,abuela,,,,guide,P1,UNVALIDATED,TBD in Step 2,Seed keyword; validate demand/SERP before creating a URL.
KW-128,regalos baratos para abuela,Abuela,commercial investigation,abuela,,,,guide,P1,UNVALIDATED,TBD in Step 2,Seed keyword; validate demand/SERP before creating a URL.
KW-129,regalos especiales para abuela,Abuela,commercial investigation,abuela,,,,guide,P1,UNVALIDATED,TBD in Step 2,Seed keyword; validate demand/SERP before creating a URL.
KW-130,regalos únicos para abuela,Abuela,commercial investigation,abuela,,,,guide,P1,UNVALIDATED,TBD in Step 2,Seed keyword; validate demand/SERP before creating a URL.
KW-131,regalos bonitos para abuela,Abuela,commercial investigation,abuela,,,,guide,P1,UNVALIDATED,TBD in Step 2,Seed keyword; validate demand/SERP before creating a URL.
KW-132,regalos divertidos para abuela,Abuela,commercial investigation,abuela,,,,guide,P1,UNVALIDATED,TBD in Step 2,Seed keyword; validate demand/SERP before creating a URL.
KW-133,regalos prácticos para abuela,Abuela,commercial investigation,abuela,,,,guide,P1,UNVALIDATED,TBD in Step 2,Seed keyword; validate demand/SERP before creating a URL.
KW-134,regalos creativos para abuela,Abuela,commercial investigation,abuela,,,,guide,P1,UNVALIDATED,TBD in Step 2,Seed keyword; validate demand/SERP before creating a URL.
KW-135,regalos inolvidables para abuela,Abuela,commercial investigation,abuela,,,,guide,P1,UNVALIDATED,TBD in Step 2,Seed keyword; validate demand/SERP before creating a URL.
KW-136,regalos para abuela que lo tiene todo,Abuela,commercial investigation,abuela,,,,guide,P1,UNVALIDATED,TBD in Step 2,Seed keyword; validate demand/SERP before creating a URL.
KW-137,regalos para abuela que no quiere nada,Abuela,commercial investigation,abuela,,,,guide,P1,UNVALIDATED,TBD in Step 2,Seed keyword; validate demand/SERP before creating a URL.
KW-138,regalos de última hora para abuela,Abuela,commercial investigation,abuela,,,,guide,P1,UNVALIDATED,TBD in Step 2,Seed keyword; validate demand/SERP before creating a URL.
KW-139,regalos para abuela hechos a mano,Abuela,commercial investigation,abuela,,,,guide,P1,UNVALIDATED,TBD in Step 2,Seed keyword; validate demand/SERP before creating a URL.
KW-140,regalos para abuela de parte de su hijo,Abuela,commercial investigation,abuela,,,,guide,P1,UNVALIDATED,TBD in Step 2,Seed keyword; validate demand/SERP before creating a URL.
KW-141,ideas de regalos para abuelo,Abuelo,commercial investigation,abuelo,,,,guide,P1,UNVALIDATED,TBD in Step 2,Seed keyword; validate demand/SERP before creating a URL.
KW-142,qué regalar a regalos para abuelo,Abuelo,commercial investigation,abuelo,,,,guide,P1,UNVALIDATED,TBD in Step 2,Seed keyword; validate demand/SERP before creating a URL.
KW-143,mejores regalos para abuelo,Abuelo,commercial investigation,abuelo,,,,guide,P1,UNVALIDATED,TBD in Step 2,Seed keyword; validate demand/SERP before creating a URL.
KW-144,regalos originales para abuelo,Abuelo,commercial investigation,abuelo,,,,guide,P1,UNVALIDATED,TBD in Step 2,Seed keyword; validate demand/SERP before creating a URL.
KW-145,regalos personalizados para abuelo,Abuelo,commercial investigation,abuelo,,,,guide,P1,UNVALIDATED,TBD in Step 2,Seed keyword; validate demand/SERP before creating a URL.
KW-146,regalos sentimentales para abuelo,Abuelo,commercial investigation,abuelo,,,,guide,P1,UNVALIDATED,TBD in Step 2,Seed keyword; validate demand/SERP before creating a URL.
KW-147,regalos útiles para abuelo,Abuelo,commercial investigation,abuelo,,,,guide,P1,UNVALIDATED,TBD in Step 2,Seed keyword; validate demand/SERP before creating a URL.
KW-148,regalos baratos para abuelo,Abuelo,commercial investigation,abuelo,,,,guide,P1,UNVALIDATED,TBD in Step 2,Seed keyword; validate demand/SERP before creating a URL.
KW-149,regalos especiales para abuelo,Abuelo,commercial investigation,abuelo,,,,guide,P1,UNVALIDATED,TBD in Step 2,Seed keyword; validate demand/SERP before creating a URL.
KW-150,regalos únicos para abuelo,Abuelo,commercial investigation,abuelo,,,,guide,P1,UNVALIDATED,TBD in Step 2,Seed keyword; validate demand/SERP before creating a URL.
KW-151,regalos bonitos para abuelo,Abuelo,commercial investigation,abuelo,,,,guide,P1,UNVALIDATED,TBD in Step 2,Seed keyword; validate demand/SERP before creating a URL.
KW-152,regalos divertidos para abuelo,Abuelo,commercial investigation,abuelo,,,,guide,P1,UNVALIDATED,TBD in Step 2,Seed keyword; validate demand/SERP before creating a URL.
KW-153,regalos prácticos para abuelo,Abuelo,commercial investigation,abuelo,,,,guide,P1,UNVALIDATED,TBD in Step 2,Seed keyword; validate demand/SERP before creating a URL.
KW-154,regalos creativos para abuelo,Abuelo,commercial investigation,abuelo,,,,guide,P1,UNVALIDATED,TBD in Step 2,Seed keyword; validate demand/SERP before creating a URL.
KW-155,regalos inolvidables para abuelo,Abuelo,commercial investigation,abuelo,,,,guide,P1,UNVALIDATED,TBD in Step 2,Seed keyword; validate demand/SERP before creating a URL.
KW-156,regalos para abuelo que lo tiene todo,Abuelo,commercial investigation,abuelo,,,,guide,P1,UNVALIDATED,TBD in Step 2,Seed keyword; validate demand/SERP before creating a URL.
KW-157,regalos para abuelo que no quiere nada,Abuelo,commercial investigation,abuelo,,,,guide,P1,UNVALIDATED,TBD in Step 2,Seed keyword; validate demand/SERP before creating a URL.
KW-158,regalos de última hora para abuelo,Abuelo,commercial investigation,abuelo,,,,guide,P1,UNVALIDATED,TBD in Step 2,Seed keyword; validate demand/SERP before creating a URL.
KW-159,regalos para abuelo hechos a mano,Abuelo,commercial investigation,abuelo,,,,guide,P1,UNVALIDATED,TBD in Step 2,Seed keyword; validate demand/SERP before creating a URL.
KW-160,regalos para abuelo de parte de su hijo,Abuelo,commercial investigation,abuelo,,,,guide,P1,UNVALIDATED,TBD in Step 2,Seed keyword; validate demand/SERP before creating a URL.
KW-161,ideas de regalos para hermana,Hermana,commercial investigation,hermana,,,,guide,P1,UNVALIDATED,TBD in Step 2,Seed keyword; validate demand/SERP before creating a URL.
KW-162,qué regalar a regalos para hermana,Hermana,commercial investigation,hermana,,,,guide,P1,UNVALIDATED,TBD in Step 2,Seed keyword; validate demand/SERP before creating a URL.
KW-163,mejores regalos para hermana,Hermana,commercial investigation,hermana,,,,guide,P1,UNVALIDATED,TBD in Step 2,Seed keyword; validate demand/SERP before creating a URL.
KW-164,regalos originales para hermana,Hermana,commercial investigation,hermana,,,,guide,P1,UNVALIDATED,TBD in Step 2,Seed keyword; validate demand/SERP before creating a URL.
KW-165,regalos personalizados para hermana,Hermana,commercial investigation,hermana,,,,guide,P1,UNVALIDATED,TBD in Step 2,Seed keyword; validate demand/SERP before creating a URL.
KW-166,regalos sentimentales para hermana,Hermana,commercial investigation,hermana,,,,guide,P1,UNVALIDATED,TBD in Step 2,Seed keyword; validate demand/SERP before creating a URL.
KW-167,regalos útiles para hermana,Hermana,commercial investigation,hermana,,,,guide,P1,UNVALIDATED,TBD in Step 2,Seed keyword; validate demand/SERP before creating a URL.
KW-168,regalos baratos para hermana,Hermana,commercial investigation,hermana,,,,guide,P1,UNVALIDATED,TBD in Step 2,Seed keyword; validate demand/SERP before creating a URL.
KW-169,regalos especiales para hermana,Hermana,commercial investigation,hermana,,,,guide,P1,UNVALIDATED,TBD in Step 2,Seed keyword; validate demand/SERP before creating a URL.
KW-170,regalos únicos para hermana,Hermana,commercial investigation,hermana,,,,guide,P1,UNVALIDATED,TBD in Step 2,Seed keyword; validate demand/SERP before creating a URL.
KW-171,regalos bonitos para hermana,Hermana,commercial investigation,hermana,,,,guide,P1,UNVALIDATED,TBD in Step 2,Seed keyword; validate demand/SERP before creating a URL.
KW-172,regalos divertidos para hermana,Hermana,commercial investigation,hermana,,,,guide,P1,UNVALIDATED,TBD in Step 2,Seed keyword; validate demand/SERP before creating a URL.
KW-173,regalos prácticos para hermana,Hermana,commercial investigation,hermana,,,,guide,P1,UNVALIDATED,TBD in Step 2,Seed keyword; validate demand/SERP before creating a URL.
KW-174,regalos creativos para hermana,Hermana,commercial investigation,hermana,,,,guide,P1,UNVALIDATED,TBD in Step 2,Seed keyword; validate demand/SERP before creating a URL.
KW-175,regalos inolvidables para hermana,Hermana,commercial investigation,hermana,,,,guide,P1,UNVALIDATED,TBD in Step 2,Seed keyword; validate demand/SERP before creating a URL.
KW-176,regalos para hermana que lo tiene todo,Hermana,commercial investigation,hermana,,,,guide,P1,UNVALIDATED,TBD in Step 2,Seed keyword; validate demand/SERP before creating a URL.
KW-177,regalos para hermana que no quiere nada,Hermana,commercial investigation,hermana,,,,guide,P1,UNVALIDATED,TBD in Step 2,Seed keyword; validate demand/SERP before creating a URL.
KW-178,regalos de última hora para hermana,Hermana,commercial investigation,hermana,,,,guide,P1,UNVALIDATED,TBD in Step 2,Seed keyword; validate demand/SERP before creating a URL.
KW-179,regalos para hermana hechos a mano,Hermana,commercial investigation,hermana,,,,guide,P1,UNVALIDATED,TBD in Step 2,Seed keyword; validate demand/SERP before creating a URL.
KW-180,regalos para hermana de parte de su hijo,Hermana,commercial investigation,hermana,,,,guide,P1,UNVALIDATED,TBD in Step 2,Seed keyword; validate demand/SERP before creating a URL.
KW-181,ideas de regalos para hermano,Hermano,commercial investigation,hermano,,,,guide,P1,UNVALIDATED,TBD in Step 2,Seed keyword; validate demand/SERP before creating a URL.
KW-182,qué regalar a regalos para hermano,Hermano,commercial investigation,hermano,,,,guide,P1,UNVALIDATED,TBD in Step 2,Seed keyword; validate demand/SERP before creating a URL.
KW-183,mejores regalos para hermano,Hermano,commercial investigation,hermano,,,,guide,P1,UNVALIDATED,TBD in Step 2,Seed keyword; validate demand/SERP before creating a URL.
KW-184,regalos originales para hermano,Hermano,commercial investigation,hermano,,,,guide,P1,UNVALIDATED,TBD in Step 2,Seed keyword; validate demand/SERP before creating a URL.
KW-185,regalos personalizados para hermano,Hermano,commercial investigation,hermano,,,,guide,P1,UNVALIDATED,TBD in Step 2,Seed keyword; validate demand/SERP before creating a URL.
KW-186,regalos sentimentales para hermano,Hermano,commercial investigation,hermano,,,,guide,P1,UNVALIDATED,TBD in Step 2,Seed keyword; validate demand/SERP before creating a URL.
KW-187,regalos útiles para hermano,Hermano,commercial investigation,hermano,,,,guide,P1,UNVALIDATED,TBD in Step 2,Seed keyword; validate demand/SERP before creating a URL.
KW-188,regalos baratos para hermano,Hermano,commercial investigation,hermano,,,,guide,P1,UNVALIDATED,TBD in Step 2,Seed keyword; validate demand/SERP before creating a URL.
KW-189,regalos especiales para hermano,Hermano,commercial investigation,hermano,,,,guide,P1,UNVALIDATED,TBD in Step 2,Seed keyword; validate demand/SERP before creating a URL.
KW-190,regalos únicos para hermano,Hermano,commercial investigation,hermano,,,,guide,P1,UNVALIDATED,TBD in Step 2,Seed keyword; validate demand/SERP before creating a URL.
KW-191,regalos bonitos para hermano,Hermano,commercial investigation,hermano,,,,guide,P1,UNVALIDATED,TBD in Step 2,Seed keyword; validate demand/SERP before creating a URL.
KW-192,regalos divertidos para hermano,Hermano,commercial investigation,hermano,,,,guide,P1,UNVALIDATED,TBD in Step 2,Seed keyword; validate demand/SERP before creating a URL.
KW-193,regalos prácticos para hermano,Hermano,commercial investigation,hermano,,,,guide,P1,UNVALIDATED,TBD in Step 2,Seed keyword; validate demand/SERP before creating a URL.
KW-194,regalos creativos para hermano,Hermano,commercial investigation,hermano,,,,guide,P1,UNVALIDATED,TBD in Step 2,Seed keyword; validate demand/SERP before creating a URL.
KW-195,regalos inolvidables para hermano,Hermano,commercial investigation,hermano,,,,guide,P1,UNVALIDATED,TBD in Step 2,Seed keyword; validate demand/SERP before creating a URL.
KW-196,regalos para hermano que lo tiene todo,Hermano,commercial investigation,hermano,,,,guide,P1,UNVALIDATED,TBD in Step 2,Seed keyword; validate demand/SERP before creating a URL.
KW-197,regalos para hermano que no quiere nada,Hermano,commercial investigation,hermano,,,,guide,P1,UNVALIDATED,TBD in Step 2,Seed keyword; validate demand/SERP before creating a URL.
KW-198,regalos de última hora para hermano,Hermano,commercial investigation,hermano,,,,guide,P1,UNVALIDATED,TBD in Step 2,Seed keyword; validate demand/SERP before creating a URL.
KW-199,regalos para hermano hechos a mano,Hermano,commercial investigation,hermano,,,,guide,P1,UNVALIDATED,TBD in Step 2,Seed keyword; validate demand/SERP before creating a URL.
KW-200,regalos para hermano de parte de su hijo,Hermano,commercial investigation,hermano,,,,guide,P1,UNVALIDATED,TBD in Step 2,Seed keyword; validate demand/SERP before creating a URL.
KW-201,regalos para hija,Hija,commercial investigation,hija,,,,guide,P2,UNVALIDATED,TBD in Step 2,Seed keyword; validate demand/SERP before creating a URL.
KW-202,ideas de regalos para hija,Hija,commercial investigation,hija,,,,guide,P2,UNVALIDATED,TBD in Step 2,Seed keyword; validate demand/SERP before creating a URL.
KW-203,qué regalar a hija,Hija,commercial investigation,hija,,,,guide,P2,UNVALIDATED,TBD in Step 2,Seed keyword; validate demand/SERP before creating a URL.
KW-204,mejores regalos para hija,Hija,commercial investigation,hija,,,,guide,P2,UNVALIDATED,TBD in Step 2,Seed keyword; validate demand/SERP before creating a URL.
KW-205,regalos originales para hija,Hija,commercial investigation,hija,,,,guide,P2,UNVALIDATED,TBD in Step 2,Seed keyword; validate demand/SERP before creating a URL.
KW-206,regalos personalizados para hija,Hija,commercial investigation,hija,,,,guide,P2,UNVALIDATED,TBD in Step 2,Seed keyword; validate demand/SERP before creating a URL.
KW-207,regalos sentimentales para hija,Hija,commercial investigation,hija,,,,guide,P2,UNVALIDATED,TBD in Step 2,Seed keyword; validate demand/SERP before creating a URL.
KW-208,regalos útiles para hija,Hija,commercial investigation,hija,,,,guide,P2,UNVALIDATED,TBD in Step 2,Seed keyword; validate demand/SERP before creating a URL.
KW-209,regalos baratos para hija,Hija,commercial investigation,hija,,,,guide,P2,UNVALIDATED,TBD in Step 2,Seed keyword; validate demand/SERP before creating a URL.
KW-210,regalos especiales para hija,Hija,commercial investigation,hija,,,,guide,P2,UNVALIDATED,TBD in Step 2,Seed keyword; validate demand/SERP before creating a URL.
KW-211,regalos únicos para hija,Hija,commercial investigation,hija,,,,guide,P2,UNVALIDATED,TBD in Step 2,Seed keyword; validate demand/SERP before creating a URL.
KW-212,regalos bonitos para hija,Hija,commercial investigation,hija,,,,guide,P2,UNVALIDATED,TBD in Step 2,Seed keyword; validate demand/SERP before creating a URL.
KW-213,regalos divertidos para hija,Hija,commercial investigation,hija,,,,guide,P2,UNVALIDATED,TBD in Step 2,Seed keyword; validate demand/SERP before creating a URL.
KW-214,regalos prácticos para hija,Hija,commercial investigation,hija,,,,guide,P2,UNVALIDATED,TBD in Step 2,Seed keyword; validate demand/SERP before creating a URL.
KW-215,regalos creativos para hija,Hija,commercial investigation,hija,,,,guide,P2,UNVALIDATED,TBD in Step 2,Seed keyword; validate demand/SERP before creating a URL.
KW-216,regalos para hija que lo tiene todo,Hija,commercial investigation,hija,,,,guide,P2,UNVALIDATED,TBD in Step 2,Seed keyword; validate demand/SERP before creating a URL.
KW-217,regalos para hija que no quiere nada,Hija,commercial investigation,hija,,,,guide,P2,UNVALIDATED,TBD in Step 2,Seed keyword; validate demand/SERP before creating a URL.
KW-218,regalos de última hora para hija,Hija,commercial investigation,hija,,,,guide,P2,UNVALIDATED,TBD in Step 2,Seed keyword; validate demand/SERP before creating a URL.
KW-219,regalos personalizados y baratos para hija,Hija,commercial investigation,hija,,,,guide,P2,UNVALIDATED,TBD in Step 2,Seed keyword; validate demand/SERP before creating a URL.
KW-220,regalos de cumpleaños para hija,Hija,commercial investigation,hija,,,,guide,P2,UNVALIDATED,TBD in Step 2,Seed keyword; validate demand/SERP before creating a URL.
KW-221,regalos para hijo,Hijo,commercial investigation,hijo,,,,guide,P2,UNVALIDATED,TBD in Step 2,Seed keyword; validate demand/SERP before creating a URL.
KW-222,ideas de regalos para hijo,Hijo,commercial investigation,hijo,,,,guide,P2,UNVALIDATED,TBD in Step 2,Seed keyword; validate demand/SERP before creating a URL.
KW-223,qué regalar a hijo,Hijo,commercial investigation,hijo,,,,guide,P2,UNVALIDATED,TBD in Step 2,Seed keyword; validate demand/SERP before creating a URL.
KW-224,mejores regalos para hijo,Hijo,commercial investigation,hijo,,,,guide,P2,UNVALIDATED,TBD in Step 2,Seed keyword; validate demand/SERP before creating a URL.
KW-225,regalos originales para hijo,Hijo,commercial investigation,hijo,,,,guide,P2,UNVALIDATED,TBD in Step 2,Seed keyword; validate demand/SERP before creating a URL.
KW-226,regalos personalizados para hijo,Hijo,commercial investigation,hijo,,,,guide,P2,UNVALIDATED,TBD in Step 2,Seed keyword; validate demand/SERP before creating a URL.
KW-227,regalos sentimentales para hijo,Hijo,commercial investigation,hijo,,,,guide,P2,UNVALIDATED,TBD in Step 2,Seed keyword; validate demand/SERP before creating a URL.
KW-228,regalos útiles para hijo,Hijo,commercial investigation,hijo,,,,guide,P2,UNVALIDATED,TBD in Step 2,Seed keyword; validate demand/SERP before creating a URL.
KW-229,regalos baratos para hijo,Hijo,commercial investigation,hijo,,,,guide,P2,UNVALIDATED,TBD in Step 2,Seed keyword; validate demand/SERP before creating a URL.
KW-230,regalos especiales para hijo,Hijo,commercial investigation,hijo,,,,guide,P2,UNVALIDATED,TBD in Step 2,Seed keyword; validate demand/SERP before creating a URL.
KW-231,regalos únicos para hijo,Hijo,commercial investigation,hijo,,,,guide,P2,UNVALIDATED,TBD in Step 2,Seed keyword; validate demand/SERP before creating a URL.
KW-232,regalos bonitos para hijo,Hijo,commercial investigation,hijo,,,,guide,P2,UNVALIDATED,TBD in Step 2,Seed keyword; validate demand/SERP before creating a URL.
KW-233,regalos divertidos para hijo,Hijo,commercial investigation,hijo,,,,guide,P2,UNVALIDATED,TBD in Step 2,Seed keyword; validate demand/SERP before creating a URL.
KW-234,regalos prácticos para hijo,Hijo,commercial investigation,hijo,,,,guide,P2,UNVALIDATED,TBD in Step 2,Seed keyword; validate demand/SERP before creating a URL.
KW-235,regalos creativos para hijo,Hijo,commercial investigation,hijo,,,,guide,P2,UNVALIDATED,TBD in Step 2,Seed keyword; validate demand/SERP before creating a URL.
KW-236,regalos para hijo que lo tiene todo,Hijo,commercial investigation,hijo,,,,guide,P2,UNVALIDATED,TBD in Step 2,Seed keyword; validate demand/SERP before creating a URL.
KW-237,regalos para hijo que no quiere nada,Hijo,commercial investigation,hijo,,,,guide,P2,UNVALIDATED,TBD in Step 2,Seed keyword; validate demand/SERP before creating a URL.
KW-238,regalos de última hora para hijo,Hijo,commercial investigation,hijo,,,,guide,P2,UNVALIDATED,TBD in Step 2,Seed keyword; validate demand/SERP before creating a URL.
KW-239,regalos personalizados y baratos para hijo,Hijo,commercial investigation,hijo,,,,guide,P2,UNVALIDATED,TBD in Step 2,Seed keyword; validate demand/SERP before creating a URL.
KW-240,regalos de cumpleaños para hijo,Hijo,commercial investigation,hijo,,,,guide,P2,UNVALIDATED,TBD in Step 2,Seed keyword; validate demand/SERP before creating a URL.
KW-241,regalos para amiga,Amiga,commercial investigation,amiga,,,,guide,P2,UNVALIDATED,TBD in Step 2,Seed keyword; validate demand/SERP before creating a URL.
KW-242,ideas de regalos para amiga,Amiga,commercial investigation,amiga,,,,guide,P2,UNVALIDATED,TBD in Step 2,Seed keyword; validate demand/SERP before creating a URL.
KW-243,qué regalar a amiga,Amiga,commercial investigation,amiga,,,,guide,P2,UNVALIDATED,TBD in Step 2,Seed keyword; validate demand/SERP before creating a URL.
KW-244,mejores regalos para amiga,Amiga,commercial investigation,amiga,,,,guide,P2,UNVALIDATED,TBD in Step 2,Seed keyword; validate demand/SERP before creating a URL.
KW-245,regalos originales para amiga,Amiga,commercial investigation,amiga,,,,guide,P2,UNVALIDATED,TBD in Step 2,Seed keyword; validate demand/SERP before creating a URL.
KW-246,regalos personalizados para amiga,Amiga,commercial investigation,amiga,,,,guide,P2,UNVALIDATED,TBD in Step 2,Seed keyword; validate demand/SERP before creating a URL.
KW-247,regalos sentimentales para amiga,Amiga,commercial investigation,amiga,,,,guide,P2,UNVALIDATED,TBD in Step 2,Seed keyword; validate demand/SERP before creating a URL.
KW-248,regalos útiles para amiga,Amiga,commercial investigation,amiga,,,,guide,P2,UNVALIDATED,TBD in Step 2,Seed keyword; validate demand/SERP before creating a URL.
KW-249,regalos baratos para amiga,Amiga,commercial investigation,amiga,,,,guide,P2,UNVALIDATED,TBD in Step 2,Seed keyword; validate demand/SERP before creating a URL.
KW-250,regalos especiales para amiga,Amiga,commercial investigation,amiga,,,,guide,P2,UNVALIDATED,TBD in Step 2,Seed keyword; validate demand/SERP before creating a URL.
KW-251,regalos únicos para amiga,Amiga,commercial investigation,amiga,,,,guide,P2,UNVALIDATED,TBD in Step 2,Seed keyword; validate demand/SERP before creating a URL.
KW-252,regalos bonitos para amiga,Amiga,commercial investigation,amiga,,,,guide,P2,UNVALIDATED,TBD in Step 2,Seed keyword; validate demand/SERP before creating a URL.
KW-253,regalos divertidos para amiga,Amiga,commercial investigation,amiga,,,,guide,P2,UNVALIDATED,TBD in Step 2,Seed keyword; validate demand/SERP before creating a URL.
KW-254,regalos prácticos para amiga,Amiga,commercial investigation,amiga,,,,guide,P2,UNVALIDATED,TBD in Step 2,Seed keyword; validate demand/SERP before creating a URL.
KW-255,regalos creativos para amiga,Amiga,commercial investigation,amiga,,,,guide,P2,UNVALIDATED,TBD in Step 2,Seed keyword; validate demand/SERP before creating a URL.
KW-256,regalos para amiga que lo tiene todo,Amiga,commercial investigation,amiga,,,,guide,P2,UNVALIDATED,TBD in Step 2,Seed keyword; validate demand/SERP before creating a URL.
KW-257,regalos para amiga que no quiere nada,Amiga,commercial investigation,amiga,,,,guide,P2,UNVALIDATED,TBD in Step 2,Seed keyword; validate demand/SERP before creating a URL.
KW-258,regalos de última hora para amiga,Amiga,commercial investigation,amiga,,,,guide,P2,UNVALIDATED,TBD in Step 2,Seed keyword; validate demand/SERP before creating a URL.
KW-259,regalos personalizados y baratos para amiga,Amiga,commercial investigation,amiga,,,,guide,P2,UNVALIDATED,TBD in Step 2,Seed keyword; validate demand/SERP before creating a URL.
KW-260,regalos de cumpleaños para amiga,Amiga,commercial investigation,amiga,,,,guide,P2,UNVALIDATED,TBD in Step 2,Seed keyword; validate demand/SERP before creating a URL.
KW-261,regalos para amigo,Amigo,commercial investigation,amigo,,,,guide,P2,UNVALIDATED,TBD in Step 2,Seed keyword; validate demand/SERP before creating a URL.
KW-262,ideas de regalos para amigo,Amigo,commercial investigation,amigo,,,,guide,P2,UNVALIDATED,TBD in Step 2,Seed keyword; validate demand/SERP before creating a URL.
KW-263,qué regalar a amigo,Amigo,commercial investigation,amigo,,,,guide,P2,UNVALIDATED,TBD in Step 2,Seed keyword; validate demand/SERP before creating a URL.
KW-264,mejores regalos para amigo,Amigo,commercial investigation,amigo,,,,guide,P2,UNVALIDATED,TBD in Step 2,Seed keyword; validate demand/SERP before creating a URL.
KW-265,regalos originales para amigo,Amigo,commercial investigation,amigo,,,,guide,P2,UNVALIDATED,TBD in Step 2,Seed keyword; validate demand/SERP before creating a URL.
KW-266,regalos personalizados para amigo,Amigo,commercial investigation,amigo,,,,guide,P2,UNVALIDATED,TBD in Step 2,Seed keyword; validate demand/SERP before creating a URL.
KW-267,regalos sentimentales para amigo,Amigo,commercial investigation,amigo,,,,guide,P2,UNVALIDATED,TBD in Step 2,Seed keyword; validate demand/SERP before creating a URL.
KW-268,regalos útiles para amigo,Amigo,commercial investigation,amigo,,,,guide,P2,UNVALIDATED,TBD in Step 2,Seed keyword; validate demand/SERP before creating a URL.
KW-269,regalos baratos para amigo,Amigo,commercial investigation,amigo,,,,guide,P2,UNVALIDATED,TBD in Step 2,Seed keyword; validate demand/SERP before creating a URL.
KW-270,regalos especiales para amigo,Amigo,commercial investigation,amigo,,,,guide,P2,UNVALIDATED,TBD in Step 2,Seed keyword; validate demand/SERP before creating a URL.
KW-271,regalos únicos para amigo,Amigo,commercial investigation,amigo,,,,guide,P2,UNVALIDATED,TBD in Step 2,Seed keyword; validate demand/SERP before creating a URL.
KW-272,regalos bonitos para amigo,Amigo,commercial investigation,amigo,,,,guide,P2,UNVALIDATED,TBD in Step 2,Seed keyword; validate demand/SERP before creating a URL.
KW-273,regalos divertidos para amigo,Amigo,commercial investigation,amigo,,,,guide,P2,UNVALIDATED,TBD in Step 2,Seed keyword; validate demand/SERP before creating a URL.
KW-274,regalos prácticos para amigo,Amigo,commercial investigation,amigo,,,,guide,P2,UNVALIDATED,TBD in Step 2,Seed keyword; validate demand/SERP before creating a URL.
KW-275,regalos creativos para amigo,Amigo,commercial investigation,amigo,,,,guide,P2,UNVALIDATED,TBD in Step 2,Seed keyword; validate demand/SERP before creating a URL.
KW-276,regalos para amigo que lo tiene todo,Amigo,commercial investigation,amigo,,,,guide,P2,UNVALIDATED,TBD in Step 2,Seed keyword; validate demand/SERP before creating a URL.
KW-277,regalos para amigo que no quiere nada,Amigo,commercial investigation,amigo,,,,guide,P2,UNVALIDATED,TBD in Step 2,Seed keyword; validate demand/SERP before creating a URL.
KW-278,regalos de última hora para amigo,Amigo,commercial investigation,amigo,,,,guide,P2,UNVALIDATED,TBD in Step 2,Seed keyword; validate demand/SERP before creating a URL.
KW-279,regalos personalizados y baratos para amigo,Amigo,commercial investigation,amigo,,,,guide,P2,UNVALIDATED,TBD in Step 2,Seed keyword; validate demand/SERP before creating a URL.
KW-280,regalos de cumpleaños para amigo,Amigo,commercial investigation,amigo,,,,guide,P2,UNVALIDATED,TBD in Step 2,Seed keyword; validate demand/SERP before creating a URL.
KW-281,regalos para suegra,Suegra,commercial investigation,suegra,,,,guide,P2,UNVALIDATED,TBD in Step 2,Seed keyword; validate demand/SERP before creating a URL.
KW-282,ideas de regalos para suegra,Suegra,commercial investigation,suegra,,,,guide,P2,UNVALIDATED,TBD in Step 2,Seed keyword; validate demand/SERP before creating a URL.
KW-283,qué regalar a suegra,Suegra,commercial investigation,suegra,,,,guide,P2,UNVALIDATED,TBD in Step 2,Seed keyword; validate demand/SERP before creating a URL.
KW-284,mejores regalos para suegra,Suegra,commercial investigation,suegra,,,,guide,P2,UNVALIDATED,TBD in Step 2,Seed keyword; validate demand/SERP before creating a URL.
KW-285,regalos originales para suegra,Suegra,commercial investigation,suegra,,,,guide,P2,UNVALIDATED,TBD in Step 2,Seed keyword; validate demand/SERP before creating a URL.
KW-286,regalos personalizados para suegra,Suegra,commercial investigation,suegra,,,,guide,P2,UNVALIDATED,TBD in Step 2,Seed keyword; validate demand/SERP before creating a URL.
KW-287,regalos sentimentales para suegra,Suegra,commercial investigation,suegra,,,,guide,P2,UNVALIDATED,TBD in Step 2,Seed keyword; validate demand/SERP before creating a URL.
KW-288,regalos útiles para suegra,Suegra,commercial investigation,suegra,,,,guide,P2,UNVALIDATED,TBD in Step 2,Seed keyword; validate demand/SERP before creating a URL.
KW-289,regalos baratos para suegra,Suegra,commercial investigation,suegra,,,,guide,P2,UNVALIDATED,TBD in Step 2,Seed keyword; validate demand/SERP before creating a URL.
KW-290,regalos especiales para suegra,Suegra,commercial investigation,suegra,,,,guide,P2,UNVALIDATED,TBD in Step 2,Seed keyword; validate demand/SERP before creating a URL.
KW-291,regalos únicos para suegra,Suegra,commercial investigation,suegra,,,,guide,P2,UNVALIDATED,TBD in Step 2,Seed keyword; validate demand/SERP before creating a URL.
KW-292,regalos bonitos para suegra,Suegra,commercial investigation,suegra,,,,guide,P2,UNVALIDATED,TBD in Step 2,Seed keyword; validate demand/SERP before creating a URL.
KW-293,regalos divertidos para suegra,Suegra,commercial investigation,suegra,,,,guide,P2,UNVALIDATED,TBD in Step 2,Seed keyword; validate demand/SERP before creating a URL.
KW-294,regalos prácticos para suegra,Suegra,commercial investigation,suegra,,,,guide,P2,UNVALIDATED,TBD in Step 2,Seed keyword; validate demand/SERP before creating a URL.
KW-295,regalos creativos para suegra,Suegra,commercial investigation,suegra,,,,guide,P2,UNVALIDATED,TBD in Step 2,Seed keyword; validate demand/SERP before creating a URL.
KW-296,regalos para suegra que lo tiene todo,Suegra,commercial investigation,suegra,,,,guide,P2,UNVALIDATED,TBD in Step 2,Seed keyword; validate demand/SERP before creating a URL.
KW-297,regalos para suegra que no quiere nada,Suegra,commercial investigation,suegra,,,,guide,P2,UNVALIDATED,TBD in Step 2,Seed keyword; validate demand/SERP before creating a URL.
KW-298,regalos de última hora para suegra,Suegra,commercial investigation,suegra,,,,guide,P2,UNVALIDATED,TBD in Step 2,Seed keyword; validate demand/SERP before creating a URL.
KW-299,regalos personalizados y baratos para suegra,Suegra,commercial investigation,suegra,,,,guide,P2,UNVALIDATED,TBD in Step 2,Seed keyword; validate demand/SERP before creating a URL.
KW-300,regalos de cumpleaños para suegra,Suegra,commercial investigation,suegra,,,,guide,P2,UNVALIDATED,TBD in Step 2,Seed keyword; validate demand/SERP before creating a URL.
KW-301,regalos para suegro,Suegro,commercial investigation,suegro,,,,guide,P2,UNVALIDATED,TBD in Step 2,Seed keyword; validate demand/SERP before creating a URL.
KW-302,ideas de regalos para suegro,Suegro,commercial investigation,suegro,,,,guide,P2,UNVALIDATED,TBD in Step 2,Seed keyword; validate demand/SERP before creating a URL.
KW-303,qué regalar a suegro,Suegro,commercial investigation,suegro,,,,guide,P2,UNVALIDATED,TBD in Step 2,Seed keyword; validate demand/SERP before creating a URL.
KW-304,mejores regalos para suegro,Suegro,commercial investigation,suegro,,,,guide,P2,UNVALIDATED,TBD in Step 2,Seed keyword; validate demand/SERP before creating a URL.
KW-305,regalos originales para suegro,Suegro,commercial investigation,suegro,,,,guide,P2,UNVALIDATED,TBD in Step 2,Seed keyword; validate demand/SERP before creating a URL.
KW-306,regalos personalizados para suegro,Suegro,commercial investigation,suegro,,,,guide,P2,UNVALIDATED,TBD in Step 2,Seed keyword; validate demand/SERP before creating a URL.
KW-307,regalos sentimentales para suegro,Suegro,commercial investigation,suegro,,,,guide,P2,UNVALIDATED,TBD in Step 2,Seed keyword; validate demand/SERP before creating a URL.
KW-308,regalos útiles para suegro,Suegro,commercial investigation,suegro,,,,guide,P2,UNVALIDATED,TBD in Step 2,Seed keyword; validate demand/SERP before creating a URL.
KW-309,regalos baratos para suegro,Suegro,commercial investigation,suegro,,,,guide,P2,UNVALIDATED,TBD in Step 2,Seed keyword; validate demand/SERP before creating a URL.
KW-310,regalos especiales para suegro,Suegro,commercial investigation,suegro,,,,guide,P2,UNVALIDATED,TBD in Step 2,Seed keyword; validate demand/SERP before creating a URL.
KW-311,regalos únicos para suegro,Suegro,commercial investigation,suegro,,,,guide,P2,UNVALIDATED,TBD in Step 2,Seed keyword; validate demand/SERP before creating a URL.
KW-312,regalos bonitos para suegro,Suegro,commercial investigation,suegro,,,,guide,P2,UNVALIDATED,TBD in Step 2,Seed keyword; validate demand/SERP before creating a URL.
KW-313,regalos divertidos para suegro,Suegro,commercial investigation,suegro,,,,guide,P2,UNVALIDATED,TBD in Step 2,Seed keyword; validate demand/SERP before creating a URL.
KW-314,regalos prácticos para suegro,Suegro,commercial investigation,suegro,,,,guide,P2,UNVALIDATED,TBD in Step 2,Seed keyword; validate demand/SERP before creating a URL.
KW-315,regalos creativos para suegro,Suegro,commercial investigation,suegro,,,,guide,P2,UNVALIDATED,TBD in Step 2,Seed keyword; validate demand/SERP before creating a URL.
KW-316,regalos para suegro que lo tiene todo,Suegro,commercial investigation,suegro,,,,guide,P2,UNVALIDATED,TBD in Step 2,Seed keyword; validate demand/SERP before creating a URL.
KW-317,regalos para suegro que no quiere nada,Suegro,commercial investigation,suegro,,,,guide,P2,UNVALIDATED,TBD in Step 2,Seed keyword; validate demand/SERP before creating a URL.
KW-318,regalos de última hora para suegro,Suegro,commercial investigation,suegro,,,,guide,P2,UNVALIDATED,TBD in Step 2,Seed keyword; validate demand/SERP before creating a URL.
KW-319,regalos personalizados y baratos para suegro,Suegro,commercial investigation,suegro,,,,guide,P2,UNVALIDATED,TBD in Step 2,Seed keyword; validate demand/SERP before creating a URL.
KW-320,regalos de cumpleaños para suegro,Suegro,commercial investigation,suegro,,,,guide,P2,UNVALIDATED,TBD in Step 2,Seed keyword; validate demand/SERP before creating a URL.
KW-321,regalos para cuñada,Cuñada,commercial investigation,cuñada,,,,guide,P2,UNVALIDATED,TBD in Step 2,Seed keyword; validate demand/SERP before creating a URL.
KW-322,ideas de regalos para cuñada,Cuñada,commercial investigation,cuñada,,,,guide,P2,UNVALIDATED,TBD in Step 2,Seed keyword; validate demand/SERP before creating a URL.
KW-323,qué regalar a cuñada,Cuñada,commercial investigation,cuñada,,,,guide,P2,UNVALIDATED,TBD in Step 2,Seed keyword; validate demand/SERP before creating a URL.
KW-324,mejores regalos para cuñada,Cuñada,commercial investigation,cuñada,,,,guide,P2,UNVALIDATED,TBD in Step 2,Seed keyword; validate demand/SERP before creating a URL.
KW-325,regalos originales para cuñada,Cuñada,commercial investigation,cuñada,,,,guide,P2,UNVALIDATED,TBD in Step 2,Seed keyword; validate demand/SERP before creating a URL.
KW-326,regalos personalizados para cuñada,Cuñada,commercial investigation,cuñada,,,,guide,P2,UNVALIDATED,TBD in Step 2,Seed keyword; validate demand/SERP before creating a URL.
KW-327,regalos baratos para cuñada,Cuñada,commercial investigation,cuñada,,,,guide,P2,UNVALIDATED,TBD in Step 2,Seed keyword; validate demand/SERP before creating a URL.
KW-328,regalos útiles para cuñada,Cuñada,commercial investigation,cuñada,,,,guide,P2,UNVALIDATED,TBD in Step 2,Seed keyword; validate demand/SERP before creating a URL.
KW-329,regalos bonitos para cuñada,Cuñada,commercial investigation,cuñada,,,,guide,P2,UNVALIDATED,TBD in Step 2,Seed keyword; validate demand/SERP before creating a URL.
KW-330,regalos especiales para cuñada,Cuñada,commercial investigation,cuñada,,,,guide,P2,UNVALIDATED,TBD in Step 2,Seed keyword; validate demand/SERP before creating a URL.
KW-331,regalos únicos para cuñada,Cuñada,commercial investigation,cuñada,,,,guide,P2,UNVALIDATED,TBD in Step 2,Seed keyword; validate demand/SERP before creating a URL.
KW-332,regalos divertidos para cuñada,Cuñada,commercial investigation,cuñada,,,,guide,P2,UNVALIDATED,TBD in Step 2,Seed keyword; validate demand/SERP before creating a URL.
KW-333,regalos prácticos para cuñada,Cuñada,commercial investigation,cuñada,,,,guide,P2,UNVALIDATED,TBD in Step 2,Seed keyword; validate demand/SERP before creating a URL.
KW-334,regalos de agradecimiento para cuñada,Cuñada,commercial investigation,cuñada,,,,guide,P2,UNVALIDATED,TBD in Step 2,Seed keyword; validate demand/SERP before creating a URL.
KW-335,regalos de cumpleaños para cuñada,Cuñada,commercial investigation,cuñada,,,,guide,P2,UNVALIDATED,TBD in Step 2,Seed keyword; validate demand/SERP before creating a URL.
KW-336,regalos de Navidad para cuñada,Cuñada,commercial investigation,cuñada,,,,guide,P2,UNVALIDATED,TBD in Step 2,Seed keyword; validate demand/SERP before creating a URL.
KW-337,regalos de última hora para cuñada,Cuñada,commercial investigation,cuñada,,,,guide,P2,UNVALIDATED,TBD in Step 2,Seed keyword; validate demand/SERP before creating a URL.
KW-338,regalos para cuñada por menos de $20,Cuñada,commercial investigation,cuñada,,,,guide,P2,UNVALIDATED,TBD in Step 2,Seed keyword; validate demand/SERP before creating a URL.
KW-339,regalos para cuñada por menos de $50,Cuñada,commercial investigation,cuñada,,,,guide,P2,UNVALIDATED,TBD in Step 2,Seed keyword; validate demand/SERP before creating a URL.
KW-340,regalos personalizados para cuñada de fin de curso,Cuñada,commercial investigation,cuñada,,,,guide,P2,UNVALIDATED,TBD in Step 2,Seed keyword; validate demand/SERP before creating a URL.
KW-341,regalos para cuñado,Cuñado,commercial investigation,cuñado,,,,guide,P2,UNVALIDATED,TBD in Step 2,Seed keyword; validate demand/SERP before creating a URL.
KW-342,ideas de regalos para cuñado,Cuñado,commercial investigation,cuñado,,,,guide,P2,UNVALIDATED,TBD in Step 2,Seed keyword; validate demand/SERP before creating a URL.
KW-343,qué regalar a cuñado,Cuñado,commercial investigation,cuñado,,,,guide,P2,UNVALIDATED,TBD in Step 2,Seed keyword; validate demand/SERP before creating a URL.
KW-344,mejores regalos para cuñado,Cuñado,commercial investigation,cuñado,,,,guide,P2,UNVALIDATED,TBD in Step 2,Seed keyword; validate demand/SERP before creating a URL.
KW-345,regalos originales para cuñado,Cuñado,commercial investigation,cuñado,,,,guide,P2,UNVALIDATED,TBD in Step 2,Seed keyword; validate demand/SERP before creating a URL.
KW-346,regalos personalizados para cuñado,Cuñado,commercial investigation,cuñado,,,,guide,P2,UNVALIDATED,TBD in Step 2,Seed keyword; validate demand/SERP before creating a URL.
KW-347,regalos baratos para cuñado,Cuñado,commercial investigation,cuñado,,,,guide,P2,UNVALIDATED,TBD in Step 2,Seed keyword; validate demand/SERP before creating a URL.
KW-348,regalos útiles para cuñado,Cuñado,commercial investigation,cuñado,,,,guide,P2,UNVALIDATED,TBD in Step 2,Seed keyword; validate demand/SERP before creating a URL.
KW-349,regalos bonitos para cuñado,Cuñado,commercial investigation,cuñado,,,,guide,P2,UNVALIDATED,TBD in Step 2,Seed keyword; validate demand/SERP before creating a URL.
KW-350,regalos especiales para cuñado,Cuñado,commercial investigation,cuñado,,,,guide,P2,UNVALIDATED,TBD in Step 2,Seed keyword; validate demand/SERP before creating a URL.
KW-351,regalos únicos para cuñado,Cuñado,commercial investigation,cuñado,,,,guide,P2,UNVALIDATED,TBD in Step 2,Seed keyword; validate demand/SERP before creating a URL.
KW-352,regalos divertidos para cuñado,Cuñado,commercial investigation,cuñado,,,,guide,P2,UNVALIDATED,TBD in Step 2,Seed keyword; validate demand/SERP before creating a URL.
KW-353,regalos prácticos para cuñado,Cuñado,commercial investigation,cuñado,,,,guide,P2,UNVALIDATED,TBD in Step 2,Seed keyword; validate demand/SERP before creating a URL.
KW-354,regalos de agradecimiento para cuñado,Cuñado,commercial investigation,cuñado,,,,guide,P2,UNVALIDATED,TBD in Step 2,Seed keyword; validate demand/SERP before creating a URL.
KW-355,regalos de cumpleaños para cuñado,Cuñado,commercial investigation,cuñado,,,,guide,P2,UNVALIDATED,TBD in Step 2,Seed keyword; validate demand/SERP before creating a URL.
KW-356,regalos de Navidad para cuñado,Cuñado,commercial investigation,cuñado,,,,guide,P2,UNVALIDATED,TBD in Step 2,Seed keyword; validate demand/SERP before creating a URL.
KW-357,regalos de última hora para cuñado,Cuñado,commercial investigation,cuñado,,,,guide,P2,UNVALIDATED,TBD in Step 2,Seed keyword; validate demand/SERP before creating a URL.
KW-358,regalos para cuñado por menos de $20,Cuñado,commercial investigation,cuñado,,,,guide,P2,UNVALIDATED,TBD in Step 2,Seed keyword; validate demand/SERP before creating a URL.
KW-359,regalos para cuñado por menos de $50,Cuñado,commercial investigation,cuñado,,,,guide,P2,UNVALIDATED,TBD in Step 2,Seed keyword; validate demand/SERP before creating a URL.
KW-360,regalos personalizados para cuñado de fin de curso,Cuñado,commercial investigation,cuñado,,,,guide,P2,UNVALIDATED,TBD in Step 2,Seed keyword; validate demand/SERP before creating a URL.
KW-361,regalos para maestra,Maestra,commercial investigation,maestra,,,,guide,P2,UNVALIDATED,TBD in Step 2,Seed keyword; validate demand/SERP before creating a URL.
KW-362,ideas de regalos para maestra,Maestra,commercial investigation,maestra,,,,guide,P2,UNVALIDATED,TBD in Step 2,Seed keyword; validate demand/SERP before creating a URL.
KW-363,qué regalar a maestra,Maestra,commercial investigation,maestra,,,,guide,P2,UNVALIDATED,TBD in Step 2,Seed keyword; validate demand/SERP before creating a URL.
KW-364,mejores regalos para maestra,Maestra,commercial investigation,maestra,,,,guide,P2,UNVALIDATED,TBD in Step 2,Seed keyword; validate demand/SERP before creating a URL.
KW-365,regalos originales para maestra,Maestra,commercial investigation,maestra,,,,guide,P2,UNVALIDATED,TBD in Step 2,Seed keyword; validate demand/SERP before creating a URL.
KW-366,regalos personalizados para maestra,Maestra,commercial investigation,maestra,,,,guide,P2,UNVALIDATED,TBD in Step 2,Seed keyword; validate demand/SERP before creating a URL.
KW-367,regalos baratos para maestra,Maestra,commercial investigation,maestra,,,,guide,P2,UNVALIDATED,TBD in Step 2,Seed keyword; validate demand/SERP before creating a URL.
KW-368,regalos útiles para maestra,Maestra,commercial investigation,maestra,,,,guide,P2,UNVALIDATED,TBD in Step 2,Seed keyword; validate demand/SERP before creating a URL.
KW-369,regalos bonitos para maestra,Maestra,commercial investigation,maestra,,,,guide,P2,UNVALIDATED,TBD in Step 2,Seed keyword; validate demand/SERP before creating a URL.
KW-370,regalos especiales para maestra,Maestra,commercial investigation,maestra,,,,guide,P2,UNVALIDATED,TBD in Step 2,Seed keyword; validate demand/SERP before creating a URL.
KW-371,regalos únicos para maestra,Maestra,commercial investigation,maestra,,,,guide,P2,UNVALIDATED,TBD in Step 2,Seed keyword; validate demand/SERP before creating a URL.
KW-372,regalos divertidos para maestra,Maestra,commercial investigation,maestra,,,,guide,P2,UNVALIDATED,TBD in Step 2,Seed keyword; validate demand/SERP before creating a URL.
KW-373,regalos prácticos para maestra,Maestra,commercial investigation,maestra,,,,guide,P2,UNVALIDATED,TBD in Step 2,Seed keyword; validate demand/SERP before creating a URL.
KW-374,regalos de agradecimiento para maestra,Maestra,commercial investigation,maestra,,,,guide,P2,UNVALIDATED,TBD in Step 2,Seed keyword; validate demand/SERP before creating a URL.
KW-375,regalos de cumpleaños para maestra,Maestra,commercial investigation,maestra,,,,guide,P2,UNVALIDATED,TBD in Step 2,Seed keyword; validate demand/SERP before creating a URL.
KW-376,regalos de Navidad para maestra,Maestra,commercial investigation,maestra,,,,guide,P2,UNVALIDATED,TBD in Step 2,Seed keyword; validate demand/SERP before creating a URL.
KW-377,regalos de última hora para maestra,Maestra,commercial investigation,maestra,,,,guide,P2,UNVALIDATED,TBD in Step 2,Seed keyword; validate demand/SERP before creating a URL.
KW-378,regalos para maestra por menos de $20,Maestra,commercial investigation,maestra,,,,guide,P2,UNVALIDATED,TBD in Step 2,Seed keyword; validate demand/SERP before creating a URL.
KW-379,regalos para maestra por menos de $50,Maestra,commercial investigation,maestra,,,,guide,P2,UNVALIDATED,TBD in Step 2,Seed keyword; validate demand/SERP before creating a URL.
KW-380,regalos personalizados para maestra de fin de curso,Maestra,commercial investigation,maestra,,,,guide,P2,UNVALIDATED,TBD in Step 2,Seed keyword; validate demand/SERP before creating a URL.
KW-381,regalos para maestro,Maestro,commercial investigation,maestro,,,,guide,P2,UNVALIDATED,TBD in Step 2,Seed keyword; validate demand/SERP before creating a URL.
KW-382,ideas de regalos para maestro,Maestro,commercial investigation,maestro,,,,guide,P2,UNVALIDATED,TBD in Step 2,Seed keyword; validate demand/SERP before creating a URL.
KW-383,qué regalar a maestro,Maestro,commercial investigation,maestro,,,,guide,P2,UNVALIDATED,TBD in Step 2,Seed keyword; validate demand/SERP before creating a URL.
KW-384,mejores regalos para maestro,Maestro,commercial investigation,maestro,,,,guide,P2,UNVALIDATED,TBD in Step 2,Seed keyword; validate demand/SERP before creating a URL.
KW-385,regalos originales para maestro,Maestro,commercial investigation,maestro,,,,guide,P2,UNVALIDATED,TBD in Step 2,Seed keyword; validate demand/SERP before creating a URL.
KW-386,regalos personalizados para maestro,Maestro,commercial investigation,maestro,,,,guide,P2,UNVALIDATED,TBD in Step 2,Seed keyword; validate demand/SERP before creating a URL.
KW-387,regalos baratos para maestro,Maestro,commercial investigation,maestro,,,,guide,P2,UNVALIDATED,TBD in Step 2,Seed keyword; validate demand/SERP before creating a URL.
KW-388,regalos útiles para maestro,Maestro,commercial investigation,maestro,,,,guide,P2,UNVALIDATED,TBD in Step 2,Seed keyword; validate demand/SERP before creating a URL.
KW-389,regalos bonitos para maestro,Maestro,commercial investigation,maestro,,,,guide,P2,UNVALIDATED,TBD in Step 2,Seed keyword; validate demand/SERP before creating a URL.
KW-390,regalos especiales para maestro,Maestro,commercial investigation,maestro,,,,guide,P2,UNVALIDATED,TBD in Step 2,Seed keyword; validate demand/SERP before creating a URL.
KW-391,regalos únicos para maestro,Maestro,commercial investigation,maestro,,,,guide,P2,UNVALIDATED,TBD in Step 2,Seed keyword; validate demand/SERP before creating a URL.
KW-392,regalos divertidos para maestro,Maestro,commercial investigation,maestro,,,,guide,P2,UNVALIDATED,TBD in Step 2,Seed keyword; validate demand/SERP before creating a URL.
KW-393,regalos prácticos para maestro,Maestro,commercial investigation,maestro,,,,guide,P2,UNVALIDATED,TBD in Step 2,Seed keyword; validate demand/SERP before creating a URL.
KW-394,regalos de agradecimiento para maestro,Maestro,commercial investigation,maestro,,,,guide,P2,UNVALIDATED,TBD in Step 2,Seed keyword; validate demand/SERP before creating a URL.
KW-395,regalos de cumpleaños para maestro,Maestro,commercial investigation,maestro,,,,guide,P2,UNVALIDATED,TBD in Step 2,Seed keyword; validate demand/SERP before creating a URL.
KW-396,regalos de Navidad para maestro,Maestro,commercial investigation,maestro,,,,guide,P2,UNVALIDATED,TBD in Step 2,Seed keyword; validate demand/SERP before creating a URL.
KW-397,regalos de última hora para maestro,Maestro,commercial investigation,maestro,,,,guide,P2,UNVALIDATED,TBD in Step 2,Seed keyword; validate demand/SERP before creating a URL.
KW-398,regalos para maestro por menos de $20,Maestro,commercial investigation,maestro,,,,guide,P2,UNVALIDATED,TBD in Step 2,Seed keyword; validate demand/SERP before creating a URL.
KW-399,regalos para maestro por menos de $50,Maestro,commercial investigation,maestro,,,,guide,P2,UNVALIDATED,TBD in Step 2,Seed keyword; validate demand/SERP before creating a URL.
KW-400,regalos personalizados para maestro de fin de curso,Maestro,commercial investigation,maestro,,,,guide,P2,UNVALIDATED,TBD in Step 2,Seed keyword; validate demand/SERP before creating a URL.
KW-401,regalos de cumpleaños para mamá,Cumpleaños,commercial investigation,,cumpleaños,,,guide,P1,UNVALIDATED,TBD in Step 2,Seed keyword; validate demand/SERP before creating a URL.
KW-402,ideas de regalos de cumpleaños para mamá,Cumpleaños,commercial investigation,,cumpleaños,,,guide,P1,UNVALIDATED,TBD in Step 2,Seed keyword; validate demand/SERP before creating a URL.
KW-403,regalos de cumpleaños para papá,Cumpleaños,commercial investigation,,cumpleaños,,,guide,P1,UNVALIDATED,TBD in Step 2,Seed keyword; validate demand/SERP before creating a URL.
KW-404,ideas de regalos de cumpleaños para papá,Cumpleaños,commercial investigation,,cumpleaños,,,guide,P1,UNVALIDATED,TBD in Step 2,Seed keyword; validate demand/SERP before creating a URL.
KW-405,regalos de cumpleaños para novia,Cumpleaños,commercial investigation,,cumpleaños,,,guide,P1,UNVALIDATED,TBD in Step 2,Seed keyword; validate demand/SERP before creating a URL.
KW-406,ideas de regalos de cumpleaños para novia,Cumpleaños,commercial investigation,,cumpleaños,,,guide,P1,UNVALIDATED,TBD in Step 2,Seed keyword; validate demand/SERP before creating a URL.
KW-407,regalos de cumpleaños para novio,Cumpleaños,commercial investigation,,cumpleaños,,,guide,P1,UNVALIDATED,TBD in Step 2,Seed keyword; validate demand/SERP before creating a URL.
KW-408,ideas de regalos de cumpleaños para novio,Cumpleaños,commercial investigation,,cumpleaños,,,guide,P1,UNVALIDATED,TBD in Step 2,Seed keyword; validate demand/SERP before creating a URL.
KW-409,regalos de cumpleaños para esposa,Cumpleaños,commercial investigation,,cumpleaños,,,guide,P1,UNVALIDATED,TBD in Step 2,Seed keyword; validate demand/SERP before creating a URL.
KW-410,ideas de regalos de cumpleaños para esposa,Cumpleaños,commercial investigation,,cumpleaños,,,guide,P1,UNVALIDATED,TBD in Step 2,Seed keyword; validate demand/SERP before creating a URL.
KW-411,regalos de cumpleaños para esposo,Cumpleaños,commercial investigation,,cumpleaños,,,guide,P1,UNVALIDATED,TBD in Step 2,Seed keyword; validate demand/SERP before creating a URL.
KW-412,ideas de regalos de cumpleaños para esposo,Cumpleaños,commercial investigation,,cumpleaños,,,guide,P1,UNVALIDATED,TBD in Step 2,Seed keyword; validate demand/SERP before creating a URL.
KW-413,ideas de regalos de cumpleaños para amiga,Cumpleaños,commercial investigation,,cumpleaños,,,guide,P1,UNVALIDATED,TBD in Step 2,Seed keyword; validate demand/SERP before creating a URL.
KW-414,ideas de regalos de cumpleaños para amigo,Cumpleaños,commercial investigation,,cumpleaños,,,guide,P1,UNVALIDATED,TBD in Step 2,Seed keyword; validate demand/SERP before creating a URL.
KW-415,regalos de cumpleaños para abuela,Cumpleaños,commercial investigation,,cumpleaños,,,guide,P1,UNVALIDATED,TBD in Step 2,Seed keyword; validate demand/SERP before creating a URL.
KW-416,ideas de regalos de cumpleaños para abuela,Cumpleaños,commercial investigation,,cumpleaños,,,guide,P1,UNVALIDATED,TBD in Step 2,Seed keyword; validate demand/SERP before creating a URL.
KW-417,regalos de cumpleaños para abuelo,Cumpleaños,commercial investigation,,cumpleaños,,,guide,P1,UNVALIDATED,TBD in Step 2,Seed keyword; validate demand/SERP before creating a URL.
KW-418,ideas de regalos de cumpleaños para abuelo,Cumpleaños,commercial investigation,,cumpleaños,,,guide,P1,UNVALIDATED,TBD in Step 2,Seed keyword; validate demand/SERP before creating a URL.
KW-419,regalos de Navidad para mamá,Navidad,commercial investigation,,Navidad,,,guide,P1,UNVALIDATED,TBD in Step 2,Seed keyword; validate demand/SERP before creating a URL.
KW-420,ideas de regalos de Navidad para mamá,Navidad,commercial investigation,,Navidad,,,guide,P1,UNVALIDATED,TBD in Step 2,Seed keyword; validate demand/SERP before creating a URL.
KW-421,regalos de Navidad para papá,Navidad,commercial investigation,,Navidad,,,guide,P1,UNVALIDATED,TBD in Step 2,Seed keyword; validate demand/SERP before creating a URL.
KW-422,ideas de regalos de Navidad para papá,Navidad,commercial investigation,,Navidad,,,guide,P1,UNVALIDATED,TBD in Step 2,Seed keyword; validate demand/SERP before creating a URL.
KW-423,regalos de Navidad para novia,Navidad,commercial investigation,,Navidad,,,guide,P1,UNVALIDATED,TBD in Step 2,Seed keyword; validate demand/SERP before creating a URL.
KW-424,ideas de regalos de Navidad para novia,Navidad,commercial investigation,,Navidad,,,guide,P1,UNVALIDATED,TBD in Step 2,Seed keyword; validate demand/SERP before creating a URL.
KW-425,regalos de Navidad para novio,Navidad,commercial investigation,,Navidad,,,guide,P1,UNVALIDATED,TBD in Step 2,Seed keyword; validate demand/SERP before creating a URL.
KW-426,ideas de regalos de Navidad para novio,Navidad,commercial investigation,,Navidad,,,guide,P1,UNVALIDATED,TBD in Step 2,Seed keyword; validate demand/SERP before creating a URL.
KW-427,regalos de Navidad para esposa,Navidad,commercial investigation,,Navidad,,,guide,P1,UNVALIDATED,TBD in Step 2,Seed keyword; validate demand/SERP before creating a URL.
KW-428,ideas de regalos de Navidad para esposa,Navidad,commercial investigation,,Navidad,,,guide,P1,UNVALIDATED,TBD in Step 2,Seed keyword; validate demand/SERP before creating a URL.
KW-429,regalos de Navidad para esposo,Navidad,commercial investigation,,Navidad,,,guide,P1,UNVALIDATED,TBD in Step 2,Seed keyword; validate demand/SERP before creating a URL.
KW-430,ideas de regalos de Navidad para esposo,Navidad,commercial investigation,,Navidad,,,guide,P1,UNVALIDATED,TBD in Step 2,Seed keyword; validate demand/SERP before creating a URL.
KW-431,regalos de Navidad para amiga,Navidad,commercial investigation,,Navidad,,,guide,P1,UNVALIDATED,TBD in Step 2,Seed keyword; validate demand/SERP before creating a URL.
KW-432,ideas de regalos de Navidad para amiga,Navidad,commercial investigation,,Navidad,,,guide,P1,UNVALIDATED,TBD in Step 2,Seed keyword; validate demand/SERP before creating a URL.
KW-433,regalos de Navidad para amigo,Navidad,commercial investigation,,Navidad,,,guide,P1,UNVALIDATED,TBD in Step 2,Seed keyword; validate demand/SERP before creating a URL.
KW-434,ideas de regalos de Navidad para amigo,Navidad,commercial investigation,,Navidad,,,guide,P1,UNVALIDATED,TBD in Step 2,Seed keyword; validate demand/SERP before creating a URL.
KW-435,regalos de Navidad para abuela,Navidad,commercial investigation,,Navidad,,,guide,P1,UNVALIDATED,TBD in Step 2,Seed keyword; validate demand/SERP before creating a URL.
KW-436,ideas de regalos de Navidad para abuela,Navidad,commercial investigation,,Navidad,,,guide,P1,UNVALIDATED,TBD in Step 2,Seed keyword; validate demand/SERP before creating a URL.
KW-437,regalos de Navidad para abuelo,Navidad,commercial investigation,,Navidad,,,guide,P1,UNVALIDATED,TBD in Step 2,Seed keyword; validate demand/SERP before creating a URL.
KW-438,ideas de regalos de Navidad para abuelo,Navidad,commercial investigation,,Navidad,,,guide,P1,UNVALIDATED,TBD in Step 2,Seed keyword; validate demand/SERP before creating a URL.
KW-439,regalos de San Valentín para novia,San Valentín,commercial investigation,,San Valentín,,,guide,P1,UNVALIDATED,TBD in Step 2,Seed keyword; validate demand/SERP before creating a URL.
KW-440,ideas de regalos de San Valentín para novia,San Valentín,commercial investigation,,San Valentín,,,guide,P1,UNVALIDATED,TBD in Step 2,Seed keyword; validate demand/SERP before creating a URL.
KW-441,regalos de San Valentín para novio,San Valentín,commercial investigation,,San Valentín,,,guide,P1,UNVALIDATED,TBD in Step 2,Seed keyword; validate demand/SERP before creating a URL.
KW-442,ideas de regalos de San Valentín para novio,San Valentín,commercial investigation,,San Valentín,,,guide,P1,UNVALIDATED,TBD in Step 2,Seed keyword; validate demand/SERP before creating a URL.
KW-443,regalos de San Valentín para esposa,San Valentín,commercial investigation,,San Valentín,,,guide,P1,UNVALIDATED,TBD in Step 2,Seed keyword; validate demand/SERP before creating a URL.
KW-444,ideas de regalos de San Valentín para esposa,San Valentín,commercial investigation,,San Valentín,,,guide,P1,UNVALIDATED,TBD in Step 2,Seed keyword; validate demand/SERP before creating a URL.
KW-445,regalos de San Valentín para esposo,San Valentín,commercial investigation,,San Valentín,,,guide,P1,UNVALIDATED,TBD in Step 2,Seed keyword; validate demand/SERP before creating a URL.
KW-446,ideas de regalos de San Valentín para esposo,San Valentín,commercial investigation,,San Valentín,,,guide,P1,UNVALIDATED,TBD in Step 2,Seed keyword; validate demand/SERP before creating a URL.
KW-447,regalos de San Valentín para pareja,San Valentín,commercial investigation,,San Valentín,,,guide,P1,UNVALIDATED,TBD in Step 2,Seed keyword; validate demand/SERP before creating a URL.
KW-448,ideas de regalos de San Valentín para pareja,San Valentín,commercial investigation,,San Valentín,,,guide,P1,UNVALIDATED,TBD in Step 2,Seed keyword; validate demand/SERP before creating a URL.
KW-449,regalos de San Valentín para amiga,San Valentín,commercial investigation,,San Valentín,,,guide,P1,UNVALIDATED,TBD in Step 2,Seed keyword; validate demand/SERP before creating a URL.
KW-450,ideas de regalos de San Valentín para amiga,San Valentín,commercial investigation,,San Valentín,,,guide,P1,UNVALIDATED,TBD in Step 2,Seed keyword; validate demand/SERP before creating a URL.
KW-451,regalos de San Valentín para amigo,San Valentín,commercial investigation,,San Valentín,,,guide,P1,UNVALIDATED,TBD in Step 2,Seed keyword; validate demand/SERP before creating a URL.
KW-452,ideas de regalos de San Valentín para amigo,San Valentín,commercial investigation,,San Valentín,,,guide,P1,UNVALIDATED,TBD in Step 2,Seed keyword; validate demand/SERP before creating a URL.
KW-453,regalos de San Valentín para ella,San Valentín,commercial investigation,,San Valentín,,,guide,P1,UNVALIDATED,TBD in Step 2,Seed keyword; validate demand/SERP before creating a URL.
KW-454,ideas de regalos de San Valentín para ella,San Valentín,commercial investigation,,San Valentín,,,guide,P1,UNVALIDATED,TBD in Step 2,Seed keyword; validate demand/SERP before creating a URL.
KW-455,regalos de San Valentín para él,San Valentín,commercial investigation,,San Valentín,,,guide,P1,UNVALIDATED,TBD in Step 2,Seed keyword; validate demand/SERP before creating a URL.
KW-456,ideas de regalos de San Valentín para él,San Valentín,commercial investigation,,San Valentín,,,guide,P1,UNVALIDATED,TBD in Step 2,Seed keyword; validate demand/SERP before creating a URL.
KW-457,regalos de aniversario para esposa,Aniversario,commercial investigation,,aniversario,,,guide,P1,UNVALIDATED,TBD in Step 2,Seed keyword; validate demand/SERP before creating a URL.
KW-458,ideas de regalos de aniversario para esposa,Aniversario,commercial investigation,,aniversario,,,guide,P1,UNVALIDATED,TBD in Step 2,Seed keyword; validate demand/SERP before creating a URL.
KW-459,regalos de aniversario para esposo,Aniversario,commercial investigation,,aniversario,,,guide,P1,UNVALIDATED,TBD in Step 2,Seed keyword; validate demand/SERP before creating a URL.
KW-460,ideas de regalos de aniversario para esposo,Aniversario,commercial investigation,,aniversario,,,guide,P1,UNVALIDATED,TBD in Step 2,Seed keyword; validate demand/SERP before creating a URL.
KW-461,regalos de aniversario para novia,Aniversario,commercial investigation,,aniversario,,,guide,P1,UNVALIDATED,TBD in Step 2,Seed keyword; validate demand/SERP before creating a URL.
KW-462,ideas de regalos de aniversario para novia,Aniversario,commercial investigation,,aniversario,,,guide,P1,UNVALIDATED,TBD in Step 2,Seed keyword; validate demand/SERP before creating a URL.
KW-463,regalos de aniversario para novio,Aniversario,commercial investigation,,aniversario,,,guide,P1,UNVALIDATED,TBD in Step 2,Seed keyword; validate demand/SERP before creating a URL.
KW-464,ideas de regalos de aniversario para novio,Aniversario,commercial investigation,,aniversario,,,guide,P1,UNVALIDATED,TBD in Step 2,Seed keyword; validate demand/SERP before creating a URL.
KW-465,regalos de aniversario para pareja,Aniversario,commercial investigation,,aniversario,,,guide,P1,UNVALIDATED,TBD in Step 2,Seed keyword; validate demand/SERP before creating a URL.
KW-466,ideas de regalos de aniversario para pareja,Aniversario,commercial investigation,,aniversario,,,guide,P1,UNVALIDATED,TBD in Step 2,Seed keyword; validate demand/SERP before creating a URL.
KW-467,regalos de aniversario para mamá,Aniversario,commercial investigation,,aniversario,,,guide,P1,UNVALIDATED,TBD in Step 2,Seed keyword; validate demand/SERP before creating a URL.
KW-468,ideas de regalos de aniversario para mamá,Aniversario,commercial investigation,,aniversario,,,guide,P1,UNVALIDATED,TBD in Step 2,Seed keyword; validate demand/SERP before creating a URL.
KW-469,regalos de aniversario para papá,Aniversario,commercial investigation,,aniversario,,,guide,P1,UNVALIDATED,TBD in Step 2,Seed keyword; validate demand/SERP before creating a URL.
KW-470,ideas de regalos de aniversario para papá,Aniversario,commercial investigation,,aniversario,,,guide,P1,UNVALIDATED,TBD in Step 2,Seed keyword; validate demand/SERP before creating a URL.
KW-471,regalos de aniversario para padres,Aniversario,commercial investigation,,aniversario,,,guide,P1,UNVALIDATED,TBD in Step 2,Seed keyword; validate demand/SERP before creating a URL.
KW-472,ideas de regalos de aniversario para padres,Aniversario,commercial investigation,,aniversario,,,guide,P1,UNVALIDATED,TBD in Step 2,Seed keyword; validate demand/SERP before creating a URL.
KW-473,regalos de aniversario para amigos,Aniversario,commercial investigation,,aniversario,,,guide,P1,UNVALIDATED,TBD in Step 2,Seed keyword; validate demand/SERP before creating a URL.
KW-474,ideas de regalos de aniversario para amigos,Aniversario,commercial investigation,,aniversario,,,guide,P1,UNVALIDATED,TBD in Step 2,Seed keyword; validate demand/SERP before creating a URL.
KW-475,regalos de aniversario para pareja joven,Aniversario,commercial investigation,,aniversario,,,guide,P1,UNVALIDATED,TBD in Step 2,Seed keyword; validate demand/SERP before creating a URL.
KW-476,ideas de regalos de aniversario para pareja joven,Aniversario,commercial investigation,,aniversario,,,guide,P1,UNVALIDATED,TBD in Step 2,Seed keyword; validate demand/SERP before creating a URL.
KW-477,regalos de Día de la Madre para mamá,Día de la Madre,commercial investigation,,Día de la Madre,,,guide,P1,UNVALIDATED,TBD in Step 2,Seed keyword; validate demand/SERP before creating a URL.
KW-478,ideas de regalos de Día de la Madre para mamá,Día de la Madre,commercial investigation,,Día de la Madre,,,guide,P1,UNVALIDATED,TBD in Step 2,Seed keyword; validate demand/SERP before creating a URL.
KW-479,regalos de Día de la Madre para abuela,Día de la Madre,commercial investigation,,Día de la Madre,,,guide,P1,UNVALIDATED,TBD in Step 2,Seed keyword; validate demand/SERP before creating a URL.
KW-480,ideas de regalos de Día de la Madre para abuela,Día de la Madre,commercial investigation,,Día de la Madre,,,guide,P1,UNVALIDATED,TBD in Step 2,Seed keyword; validate demand/SERP before creating a URL.
KW-481,regalos de Día de la Madre para madre,Día de la Madre,commercial investigation,,Día de la Madre,,,guide,P1,UNVALIDATED,TBD in Step 2,Seed keyword; validate demand/SERP before creating a URL.
KW-482,ideas de regalos de Día de la Madre para madre,Día de la Madre,commercial investigation,,Día de la Madre,,,guide,P1,UNVALIDATED,TBD in Step 2,Seed keyword; validate demand/SERP before creating a URL.
KW-483,regalos de Día de la Madre para suegra,Día de la Madre,commercial investigation,,Día de la Madre,,,guide,P1,UNVALIDATED,TBD in Step 2,Seed keyword; validate demand/SERP before creating a URL.
KW-484,ideas de regalos de Día de la Madre para suegra,Día de la Madre,commercial investigation,,Día de la Madre,,,guide,P1,UNVALIDATED,TBD in Step 2,Seed keyword; validate demand/SERP before creating a URL.
KW-485,regalos de Día de la Madre para madrina,Día de la Madre,commercial investigation,,Día de la Madre,,,guide,P1,UNVALIDATED,TBD in Step 2,Seed keyword; validate demand/SERP before creating a URL.
KW-486,ideas de regalos de Día de la Madre para madrina,Día de la Madre,commercial investigation,,Día de la Madre,,,guide,P1,UNVALIDATED,TBD in Step 2,Seed keyword; validate demand/SERP before creating a URL.
KW-487,regalos de Día de la Madre para esposa,Día de la Madre,commercial investigation,,Día de la Madre,,,guide,P1,UNVALIDATED,TBD in Step 2,Seed keyword; validate demand/SERP before creating a URL.
KW-488,ideas de regalos de Día de la Madre para esposa,Día de la Madre,commercial investigation,,Día de la Madre,,,guide,P1,UNVALIDATED,TBD in Step 2,Seed keyword; validate demand/SERP before creating a URL.
KW-489,regalos de Día de la Madre para madre primeriza,Día de la Madre,commercial investigation,,Día de la Madre,,,guide,P1,UNVALIDATED,TBD in Step 2,Seed keyword; validate demand/SERP before creating a URL.
KW-490,ideas de regalos de Día de la Madre para madre primeriza,Día de la Madre,commercial investigation,,Día de la Madre,,,guide,P1,UNVALIDATED,TBD in Step 2,Seed keyword; validate demand/SERP before creating a URL.
KW-491,regalos de Día de la Madre para mamá latina,Día de la Madre,commercial investigation,,Día de la Madre,,,guide,P1,UNVALIDATED,TBD in Step 2,Seed keyword; validate demand/SERP before creating a URL.
KW-492,ideas de regalos de Día de la Madre para mamá latina,Día de la Madre,commercial investigation,,Día de la Madre,,,guide,P1,UNVALIDATED,TBD in Step 2,Seed keyword; validate demand/SERP before creating a URL.
KW-493,regalos de Día de la Madre para mamá mexicana,Día de la Madre,commercial investigation,,Día de la Madre,,,guide,P1,UNVALIDATED,TBD in Step 2,Seed keyword; validate demand/SERP before creating a URL.
KW-494,ideas de regalos de Día de la Madre para mamá mexicana,Día de la Madre,commercial investigation,,Día de la Madre,,,guide,P1,UNVALIDATED,TBD in Step 2,Seed keyword; validate demand/SERP before creating a URL.
KW-495,regalos de Día de la Madre para mamá que lo tiene todo,Día de la Madre,commercial investigation,,Día de la Madre,,,guide,P1,UNVALIDATED,TBD in Step 2,Seed keyword; validate demand/SERP before creating a URL.
KW-496,ideas de regalos de Día de la Madre para mamá que lo tiene todo,Día de la Madre,commercial investigation,,Día de la Madre,,,guide,P1,UNVALIDATED,TBD in Step 2,Seed keyword; validate demand/SERP before creating a URL.
KW-497,regalos de Día del Padre para papá,Día del Padre,commercial investigation,,Día del Padre,,,guide,P1,UNVALIDATED,TBD in Step 2,Seed keyword; validate demand/SERP before creating a URL.
KW-498,ideas de regalos de Día del Padre para papá,Día del Padre,commercial investigation,,Día del Padre,,,guide,P1,UNVALIDATED,TBD in Step 2,Seed keyword; validate demand/SERP before creating a URL.
KW-499,regalos de Día del Padre para abuelo,Día del Padre,commercial investigation,,Día del Padre,,,guide,P1,UNVALIDATED,TBD in Step 2,Seed keyword; validate demand/SERP before creating a URL.
KW-500,ideas de regalos de Día del Padre para abuelo,Día del Padre,commercial investigation,,Día del Padre,,,guide,P1,UNVALIDATED,TBD in Step 2,Seed keyword; validate demand/SERP before creating a URL.